----
-- phpLiteAdmin database dump (https://www.phpliteadmin.org/)
-- phpLiteAdmin version: 1.9.9-dev
-- Exported: 3:27am on March 19, 2023 (UTC)
-- database file: ./db/practice.db
----
BEGIN TRANSACTION;

----
-- Table structure for album
----
CREATE TABLE 'album' ('album_id' INTEGER PRIMARY KEY AUTOINCREMENT NOT NULL, 'title' TEXT, 'artist_id' INTEGER, 'label' TEXT, 'year' INTEGER);

----
-- Data dump for album, a total of 91 rows
----
INSERT INTO "album" ("album_id","title","artist_id","label","year") VALUES ('1','It''s Only Rock''n''Roll','4','Rolling Stone','1974');
INSERT INTO "album" ("album_id","title","artist_id","label","year") VALUES ('2','Let It Bleed','4','Decca','1969');
INSERT INTO "album" ("album_id","title","artist_id","label","year") VALUES ('3','Exile on Main Street','4','Rolling Stone','1972');
INSERT INTO "album" ("album_id","title","artist_id","label","year") VALUES ('4','White','1','Apple','1968');
INSERT INTO "album" ("album_id","title","artist_id","label","year") VALUES ('5','Let It Be','1','Apple','1970');
INSERT INTO "album" ("album_id","title","artist_id","label","year") VALUES ('6','Anthology 2','1','Apple','1996');
INSERT INTO "album" ("album_id","title","artist_id","label","year") VALUES ('7','Ringo','2','Apple','1973');
INSERT INTO "album" ("album_id","title","artist_id","label","year") VALUES ('8','Fresh Cream','3','ATCO','1966');
INSERT INTO "album" ("album_id","title","artist_id","label","year") VALUES ('9','Imagine','5','Apple','1971');
INSERT INTO "album" ("album_id","title","artist_id","label","year") VALUES ('10','Layla and Other Assorted Love Songs','6','ATCO','1971');
INSERT INTO "album" ("album_id","title","artist_id","label","year") VALUES ('11','Thriller','9','CBS','1982');
INSERT INTO "album" ("album_id","title","artist_id","label","year") VALUES ('12','Off The Wall','9','CBS','1979');
INSERT INTO "album" ("album_id","title","artist_id","label","year") VALUES ('13','Van Halen','10','WB','1978');
INSERT INTO "album" ("album_id","title","artist_id","label","year") VALUES ('14','Physical Graffiti','12','Swan Song','1975');
INSERT INTO "album" ("album_id","title","artist_id","label","year") VALUES ('15','It''s Hard','14','Polydor','1982');
INSERT INTO "album" ("album_id","title","artist_id","label","year") VALUES ('16','Long Player','13','WB','1971');
INSERT INTO "album" ("album_id","title","artist_id","label","year") VALUES ('17','Heroes','11','RCA','1977');
INSERT INTO "album" ("album_id","title","artist_id","label","year") VALUES ('18','Young Americans','11','RCA','1975');
INSERT INTO "album" ("album_id","title","artist_id","label","year") VALUES ('19','The Joshua Tree','15','Island','1987');
INSERT INTO "album" ("album_id","title","artist_id","label","year") VALUES ('20','Some Girls','4','Rolling Stone','1978');
INSERT INTO "album" ("album_id","title","artist_id","label","year") VALUES ('21','Alchemy','19','Vertigo','1984');
INSERT INTO "album" ("album_id","title","artist_id","label","year") VALUES ('22','Planet Waves','20','Asylum','1974');
INSERT INTO "album" ("album_id","title","artist_id","label","year") VALUES ('23','Rotogravure','2','Polydor','1976');
INSERT INTO "album" ("album_id","title","artist_id","label","year") VALUES ('24','Better Days','18','EMI','1991');
INSERT INTO "album" ("album_id","title","artist_id","label","year") VALUES ('25','Blaze of Glory','16','Polygram','1990');
INSERT INTO "album" ("album_id","title","artist_id","label","year") VALUES ('26','Station to Station','11','RCA','1976');
INSERT INTO "album" ("album_id","title","artist_id","label","year") VALUES ('27','Band on the Run','7','Apple','1974');
INSERT INTO "album" ("album_id","title","artist_id","label","year") VALUES ('28','Volume One','21','Atlantic','1984');
INSERT INTO "album" ("album_id","title","artist_id","label","year") VALUES ('29','Born to Run','17','CBS','1975');
INSERT INTO "album" ("album_id","title","artist_id","label","year") VALUES ('30','Twentieth Century','8','Mushroom','1984');
INSERT INTO "album" ("album_id","title","artist_id","label","year") VALUES ('31','Freight Train Heart','22','Mushroom','1987');
INSERT INTO "album" ("album_id","title","artist_id","label","year") VALUES ('32','Who''s Next','14','Decca','1971');
INSERT INTO "album" ("album_id","title","artist_id","label","year") VALUES ('33','Emotional Rescue','4',NULL,NULL);
INSERT INTO "album" ("album_id","title","artist_id","label","year") VALUES ('34','A Bigger Bang','4',NULL,NULL);
INSERT INTO "album" ("album_id","title","artist_id","label","year") VALUES ('35','Extraordinary Machine','23',NULL,NULL);
INSERT INTO "album" ("album_id","title","artist_id","label","year") VALUES ('36','Poses','24',NULL,NULL);
INSERT INTO "album" ("album_id","title","artist_id","label","year") VALUES ('37','Silver & Gold','25',NULL,NULL);
INSERT INTO "album" ("album_id","title","artist_id","label","year") VALUES ('38','Rufus Wainwright','24',NULL,NULL);
INSERT INTO "album" ("album_id","title","artist_id","label","year") VALUES ('39','Time Out of Mind','20',NULL,NULL);
INSERT INTO "album" ("album_id","title","artist_id","label","year") VALUES ('40','When the pawn hits the conflicts ...','23',NULL,NULL);
INSERT INTO "album" ("album_id","title","artist_id","label","year") VALUES ('41','Bridges to Babylon','4',NULL,NULL);
INSERT INTO "album" ("album_id","title","artist_id","label","year") VALUES ('42','I Just Wasn''t Made for These Times','26',NULL,NULL);
INSERT INTO "album" ("album_id","title","artist_id","label","year") VALUES ('43','Whatever','27',NULL,NULL);
INSERT INTO "album" ("album_id","title","artist_id","label","year") VALUES ('44','Nomads Indians Saints','28',NULL,NULL);
INSERT INTO "album" ("album_id","title","artist_id","label","year") VALUES ('45','A Momentary Lapse of Reason','29',NULL,NULL);
INSERT INTO "album" ("album_id","title","artist_id","label","year") VALUES ('46','Empire Burlesque','20',NULL,NULL);
INSERT INTO "album" ("album_id","title","artist_id","label","year") VALUES ('47','Shot of Love','20',NULL,NULL);
INSERT INTO "album" ("album_id","title","artist_id","label","year") VALUES ('48','Saved','20',NULL,NULL);
INSERT INTO "album" ("album_id","title","artist_id","label","year") VALUES ('49','Today','30','Bmg Japan','1975');
INSERT INTO "album" ("album_id","title","artist_id","label","year") VALUES ('50','Good Stuff','31','Warner Bros. Records','1992');
INSERT INTO "album" ("album_id","title","artist_id","label","year") VALUES ('51','From the Choirgirl Hotel','32','Atlantic Records','1998');
INSERT INTO "album" ("album_id","title","artist_id","label","year") VALUES ('52','Want Two','24','Dreamworks','2003');
INSERT INTO "album" ("album_id","title","artist_id","label","year") VALUES ('53','Neil Young','25','Reprise Records','1968');
INSERT INTO "album" ("album_id","title","artist_id","label","year") VALUES ('54','Raised on Rock','30','BMG','1973');
INSERT INTO "album" ("album_id","title","artist_id","label","year") VALUES ('55','Moody Blue','30','RCA Records','1977');
INSERT INTO "album" ("album_id","title","artist_id","label","year") VALUES ('56','From Elvis Presley Boulevard, Memphis, Tennessee','30',NULL,'1976');
INSERT INTO "album" ("album_id","title","artist_id","label","year") VALUES ('57','Promised Land','30','RCA Victor Europe','1975');
INSERT INTO "album" ("album_id","title","artist_id","label","year") VALUES ('58','Good Times','30',NULL,'1974');
INSERT INTO "album" ("album_id","title","artist_id","label","year") VALUES ('59','Elvis (The Fool Album)','30','RCA Records','1973');
INSERT INTO "album" ("album_id","title","artist_id","label","year") VALUES ('60','He Touched Me','30','Bmg / Elvis','1972');
INSERT INTO "album" ("album_id","title","artist_id","label","year") VALUES ('61','Elvis Now','30',NULL,'1972');
INSERT INTO "album" ("album_id","title","artist_id","label","year") VALUES ('62','Elvis Sings "The Wonderful World of Christmas"','30','Phantom Sound & Vision','1971');
INSERT INTO "album" ("album_id","title","artist_id","label","year") VALUES ('63','Love Letters from Elvis','30',NULL,'1971');
INSERT INTO "album" ("album_id","title","artist_id","label","year") VALUES ('64','Elvis Country (I''m 10,000 Years Old)','30','RCA Records','1971');
INSERT INTO "album" ("album_id","title","artist_id","label","year") VALUES ('65','Back in Memphis','30','Camden','1970');
INSERT INTO "album" ("album_id","title","artist_id","label","year") VALUES ('66','From Elvis in Memphis','30','Bmg / Elvis','1969');
INSERT INTO "album" ("album_id","title","artist_id","label","year") VALUES ('67','How Great Thou Art','30','Bmg / Elvis','1967');
INSERT INTO "album" ("album_id","title","artist_id","label","year") VALUES ('68','Pot Luck with Elvis','30','RCA Victor Europe','1962');
INSERT INTO "album" ("album_id","title","artist_id","label","year") VALUES ('69','Something for Everybody','30','RCA Victor Europe','1961');
INSERT INTO "album" ("album_id","title","artist_id","label","year") VALUES ('70','Elvis Is Back!','30','RCA Records','1960');
INSERT INTO "album" ("album_id","title","artist_id","label","year") VALUES ('71','His Hand in Mine!','30','Bmg / Elvis','1960');
INSERT INTO "album" ("album_id","title","artist_id","label","year") VALUES ('72','Elvis'' Christmas Album','30','RCA Records','1957');
INSERT INTO "album" ("album_id","title","artist_id","label","year") VALUES ('73','Elvis','30','Bmg / Elvis','1956');
INSERT INTO "album" ("album_id","title","artist_id","label","year") VALUES ('74','Elvis Presley','30','RCA Victor Europe','1956');
INSERT INTO "album" ("album_id","title","artist_id","label","year") VALUES ('75','Voodoo Lounge','4',NULL,NULL);
INSERT INTO "album" ("album_id","title","artist_id","label","year") VALUES ('76','Steel Wheels','4',NULL,NULL);
INSERT INTO "album" ("album_id","title","artist_id","label","year") VALUES ('77','Dirty Work','4',NULL,NULL);
INSERT INTO "album" ("album_id","title","artist_id","label","year") VALUES ('78','Undercover','4',NULL,NULL);
INSERT INTO "album" ("album_id","title","artist_id","label","year") VALUES ('79','Tattoo You','4',NULL,NULL);
INSERT INTO "album" ("album_id","title","artist_id","label","year") VALUES ('80','Black and Blue','4',NULL,NULL);
INSERT INTO "album" ("album_id","title","artist_id","label","year") VALUES ('81','Goats Head Soup','4',NULL,NULL);
INSERT INTO "album" ("album_id","title","artist_id","label","year") VALUES ('82','Sticky Fingers','4','Virgin Records','1971');
INSERT INTO "album" ("album_id","title","artist_id","label","year") VALUES ('83','Flowers','4',NULL,NULL);
INSERT INTO "album" ("album_id","title","artist_id","label","year") VALUES ('84','Between the Buttons','4',NULL,NULL);
INSERT INTO "album" ("album_id","title","artist_id","label","year") VALUES ('85','Aftermath','4',NULL,NULL);
INSERT INTO "album" ("album_id","title","artist_id","label","year") VALUES ('86','December''s Children (And Everybody''s)','4',NULL,NULL);
INSERT INTO "album" ("album_id","title","artist_id","label","year") VALUES ('87','Out of Our Heads','4',NULL,NULL);
INSERT INTO "album" ("album_id","title","artist_id","label","year") VALUES ('88','12 X 5','4',NULL,NULL);
INSERT INTO "album" ("album_id","title","artist_id","label","year") VALUES ('89','Rolling Stones No 2','4',NULL,NULL);
INSERT INTO "album" ("album_id","title","artist_id","label","year") VALUES ('90','The Rolling Stones (England''s Newest Hitmakers)','4',NULL,NULL);
INSERT INTO "album" ("album_id","title","artist_id","label","year") VALUES ('91','Beggar''s Banquet)','4',NULL,'1968');

----
-- Table structure for artist
----
CREATE TABLE 'artist' ('artist_id' INTEGER PRIMARY KEY AUTOINCREMENT NOT NULL, 'name' TEXT);

----
-- Data dump for artist, a total of 33 rows
----
INSERT INTO "artist" ("artist_id","name") VALUES ('1','Beatles');
INSERT INTO "artist" ("artist_id","name") VALUES ('2','Ringo Starr');
INSERT INTO "artist" ("artist_id","name") VALUES ('3','Cream');
INSERT INTO "artist" ("artist_id","name") VALUES ('4','Rolling Stones');
INSERT INTO "artist" ("artist_id","name") VALUES ('5','John Lennon');
INSERT INTO "artist" ("artist_id","name") VALUES ('6','Derek and the Dominos');
INSERT INTO "artist" ("artist_id","name") VALUES ('7','Wings');
INSERT INTO "artist" ("artist_id","name") VALUES ('8','Cold Chisel');
INSERT INTO "artist" ("artist_id","name") VALUES ('9','Michael Jackson');
INSERT INTO "artist" ("artist_id","name") VALUES ('10','Van Halen');
INSERT INTO "artist" ("artist_id","name") VALUES ('11','David Bowie');
INSERT INTO "artist" ("artist_id","name") VALUES ('12','Led Zeppelin');
INSERT INTO "artist" ("artist_id","name") VALUES ('13','Faces');
INSERT INTO "artist" ("artist_id","name") VALUES ('14','Who');
INSERT INTO "artist" ("artist_id","name") VALUES ('15','U2');
INSERT INTO "artist" ("artist_id","name") VALUES ('16','Jon Bon Jovi');
INSERT INTO "artist" ("artist_id","name") VALUES ('17','Bruce Springsteen');
INSERT INTO "artist" ("artist_id","name") VALUES ('18','Southside Johnny and the Asbury Jukes');
INSERT INTO "artist" ("artist_id","name") VALUES ('19','Dire Straits');
INSERT INTO "artist" ("artist_id","name") VALUES ('20','Bob Dylan');
INSERT INTO "artist" ("artist_id","name") VALUES ('21','Honeydrippers');
INSERT INTO "artist" ("artist_id","name") VALUES ('22','Jimmy Barnes');
INSERT INTO "artist" ("artist_id","name") VALUES ('23','Fiona Apple');
INSERT INTO "artist" ("artist_id","name") VALUES ('24','Rufus Wainwright');
INSERT INTO "artist" ("artist_id","name") VALUES ('25','Neil Young');
INSERT INTO "artist" ("artist_id","name") VALUES ('26','Brian Wilson');
INSERT INTO "artist" ("artist_id","name") VALUES ('27','Aimee Mann');
INSERT INTO "artist" ("artist_id","name") VALUES ('28','Indigo Girls');
INSERT INTO "artist" ("artist_id","name") VALUES ('29','Pink Floyd');
INSERT INTO "artist" ("artist_id","name") VALUES ('30','Elvis Presley');
INSERT INTO "artist" ("artist_id","name") VALUES ('31','The B-52''s');
INSERT INTO "artist" ("artist_id","name") VALUES ('32','Tori Amos');
INSERT INTO "artist" ("artist_id","name") VALUES ('33','Madonna');

----
-- Table structure for gig
----
CREATE TABLE 'gig' ('album_id' INTEGER NOT NULL, 'musician_id' INTEGER NOT NULL);

----
-- Data dump for gig, a total of 440 rows
----
INSERT INTO "gig" ("album_id","musician_id") VALUES ('1','6');
INSERT INTO "gig" ("album_id","musician_id") VALUES ('1','7');
INSERT INTO "gig" ("album_id","musician_id") VALUES ('1','8');
INSERT INTO "gig" ("album_id","musician_id") VALUES ('1','9');
INSERT INTO "gig" ("album_id","musician_id") VALUES ('1','10');
INSERT INTO "gig" ("album_id","musician_id") VALUES ('1','14');
INSERT INTO "gig" ("album_id","musician_id") VALUES ('1','28');
INSERT INTO "gig" ("album_id","musician_id") VALUES ('1','29');
INSERT INTO "gig" ("album_id","musician_id") VALUES ('1','30');
INSERT INTO "gig" ("album_id","musician_id") VALUES ('1','31');
INSERT INTO "gig" ("album_id","musician_id") VALUES ('1','32');
INSERT INTO "gig" ("album_id","musician_id") VALUES ('1','34');
INSERT INTO "gig" ("album_id","musician_id") VALUES ('2','5');
INSERT INTO "gig" ("album_id","musician_id") VALUES ('2','6');
INSERT INTO "gig" ("album_id","musician_id") VALUES ('2','7');
INSERT INTO "gig" ("album_id","musician_id") VALUES ('2','8');
INSERT INTO "gig" ("album_id","musician_id") VALUES ('2','9');
INSERT INTO "gig" ("album_id","musician_id") VALUES ('2','10');
INSERT INTO "gig" ("album_id","musician_id") VALUES ('2','12');
INSERT INTO "gig" ("album_id","musician_id") VALUES ('2','14');
INSERT INTO "gig" ("album_id","musician_id") VALUES ('2','15');
INSERT INTO "gig" ("album_id","musician_id") VALUES ('2','71');
INSERT INTO "gig" ("album_id","musician_id") VALUES ('2','214');
INSERT INTO "gig" ("album_id","musician_id") VALUES ('2','215');
INSERT INTO "gig" ("album_id","musician_id") VALUES ('2','216');
INSERT INTO "gig" ("album_id","musician_id") VALUES ('2','217');
INSERT INTO "gig" ("album_id","musician_id") VALUES ('2','218');
INSERT INTO "gig" ("album_id","musician_id") VALUES ('2','219');
INSERT INTO "gig" ("album_id","musician_id") VALUES ('2','220');
INSERT INTO "gig" ("album_id","musician_id") VALUES ('2','221');
INSERT INTO "gig" ("album_id","musician_id") VALUES ('2','222');
INSERT INTO "gig" ("album_id","musician_id") VALUES ('2','223');
INSERT INTO "gig" ("album_id","musician_id") VALUES ('2','286');
INSERT INTO "gig" ("album_id","musician_id") VALUES ('3','6');
INSERT INTO "gig" ("album_id","musician_id") VALUES ('3','7');
INSERT INTO "gig" ("album_id","musician_id") VALUES ('3','8');
INSERT INTO "gig" ("album_id","musician_id") VALUES ('3','9');
INSERT INTO "gig" ("album_id","musician_id") VALUES ('3','10');
INSERT INTO "gig" ("album_id","musician_id") VALUES ('3','11');
INSERT INTO "gig" ("album_id","musician_id") VALUES ('3','12');
INSERT INTO "gig" ("album_id","musician_id") VALUES ('3','13');
INSERT INTO "gig" ("album_id","musician_id") VALUES ('3','14');
INSERT INTO "gig" ("album_id","musician_id") VALUES ('3','15');
INSERT INTO "gig" ("album_id","musician_id") VALUES ('3','16');
INSERT INTO "gig" ("album_id","musician_id") VALUES ('3','17');
INSERT INTO "gig" ("album_id","musician_id") VALUES ('3','18');
INSERT INTO "gig" ("album_id","musician_id") VALUES ('3','20');
INSERT INTO "gig" ("album_id","musician_id") VALUES ('3','21');
INSERT INTO "gig" ("album_id","musician_id") VALUES ('3','22');
INSERT INTO "gig" ("album_id","musician_id") VALUES ('3','23');
INSERT INTO "gig" ("album_id","musician_id") VALUES ('3','24');
INSERT INTO "gig" ("album_id","musician_id") VALUES ('3','25');
INSERT INTO "gig" ("album_id","musician_id") VALUES ('3','26');
INSERT INTO "gig" ("album_id","musician_id") VALUES ('3','52');
INSERT INTO "gig" ("album_id","musician_id") VALUES ('4','1');
INSERT INTO "gig" ("album_id","musician_id") VALUES ('4','2');
INSERT INTO "gig" ("album_id","musician_id") VALUES ('4','3');
INSERT INTO "gig" ("album_id","musician_id") VALUES ('4','4');
INSERT INTO "gig" ("album_id","musician_id") VALUES ('4','27');
INSERT INTO "gig" ("album_id","musician_id") VALUES ('4','54');
INSERT INTO "gig" ("album_id","musician_id") VALUES ('5','1');
INSERT INTO "gig" ("album_id","musician_id") VALUES ('5','2');
INSERT INTO "gig" ("album_id","musician_id") VALUES ('5','3');
INSERT INTO "gig" ("album_id","musician_id") VALUES ('5','4');
INSERT INTO "gig" ("album_id","musician_id") VALUES ('5','16');
INSERT INTO "gig" ("album_id","musician_id") VALUES ('5','54');
INSERT INTO "gig" ("album_id","musician_id") VALUES ('6','1');
INSERT INTO "gig" ("album_id","musician_id") VALUES ('6','2');
INSERT INTO "gig" ("album_id","musician_id") VALUES ('6','3');
INSERT INTO "gig" ("album_id","musician_id") VALUES ('6','4');
INSERT INTO "gig" ("album_id","musician_id") VALUES ('6','5');
INSERT INTO "gig" ("album_id","musician_id") VALUES ('6','54');
INSERT INTO "gig" ("album_id","musician_id") VALUES ('7','1');
INSERT INTO "gig" ("album_id","musician_id") VALUES ('7','2');
INSERT INTO "gig" ("album_id","musician_id") VALUES ('7','3');
INSERT INTO "gig" ("album_id","musician_id") VALUES ('7','4');
INSERT INTO "gig" ("album_id","musician_id") VALUES ('7','12');
INSERT INTO "gig" ("album_id","musician_id") VALUES ('7','15');
INSERT INTO "gig" ("album_id","musician_id") VALUES ('7','16');
INSERT INTO "gig" ("album_id","musician_id") VALUES ('7','40');
INSERT INTO "gig" ("album_id","musician_id") VALUES ('7','46');
INSERT INTO "gig" ("album_id","musician_id") VALUES ('7','55');
INSERT INTO "gig" ("album_id","musician_id") VALUES ('7','56');
INSERT INTO "gig" ("album_id","musician_id") VALUES ('7','57');
INSERT INTO "gig" ("album_id","musician_id") VALUES ('7','58');
INSERT INTO "gig" ("album_id","musician_id") VALUES ('7','59');
INSERT INTO "gig" ("album_id","musician_id") VALUES ('7','61');
INSERT INTO "gig" ("album_id","musician_id") VALUES ('7','62');
INSERT INTO "gig" ("album_id","musician_id") VALUES ('7','63');
INSERT INTO "gig" ("album_id","musician_id") VALUES ('7','64');
INSERT INTO "gig" ("album_id","musician_id") VALUES ('7','65');
INSERT INTO "gig" ("album_id","musician_id") VALUES ('7','66');
INSERT INTO "gig" ("album_id","musician_id") VALUES ('7','67');
INSERT INTO "gig" ("album_id","musician_id") VALUES ('7','68');
INSERT INTO "gig" ("album_id","musician_id") VALUES ('7','69');
INSERT INTO "gig" ("album_id","musician_id") VALUES ('7','70');
INSERT INTO "gig" ("album_id","musician_id") VALUES ('7','71');
INSERT INTO "gig" ("album_id","musician_id") VALUES ('7','72');
INSERT INTO "gig" ("album_id","musician_id") VALUES ('7','73');
INSERT INTO "gig" ("album_id","musician_id") VALUES ('7','74');
INSERT INTO "gig" ("album_id","musician_id") VALUES ('7','212');
INSERT INTO "gig" ("album_id","musician_id") VALUES ('8','27');
INSERT INTO "gig" ("album_id","musician_id") VALUES ('8','37');
INSERT INTO "gig" ("album_id","musician_id") VALUES ('8','38');
INSERT INTO "gig" ("album_id","musician_id") VALUES ('9','2');
INSERT INTO "gig" ("album_id","musician_id") VALUES ('9','4');
INSERT INTO "gig" ("album_id","musician_id") VALUES ('9','15');
INSERT INTO "gig" ("album_id","musician_id") VALUES ('9','39');
INSERT INTO "gig" ("album_id","musician_id") VALUES ('9','40');
INSERT INTO "gig" ("album_id","musician_id") VALUES ('9','41');
INSERT INTO "gig" ("album_id","musician_id") VALUES ('9','42');
INSERT INTO "gig" ("album_id","musician_id") VALUES ('9','43');
INSERT INTO "gig" ("album_id","musician_id") VALUES ('9','44');
INSERT INTO "gig" ("album_id","musician_id") VALUES ('9','45');
INSERT INTO "gig" ("album_id","musician_id") VALUES ('9','46');
INSERT INTO "gig" ("album_id","musician_id") VALUES ('9','47');
INSERT INTO "gig" ("album_id","musician_id") VALUES ('9','48');
INSERT INTO "gig" ("album_id","musician_id") VALUES ('9','49');
INSERT INTO "gig" ("album_id","musician_id") VALUES ('9','50');
INSERT INTO "gig" ("album_id","musician_id") VALUES ('9','51');
INSERT INTO "gig" ("album_id","musician_id") VALUES ('9','53');
INSERT INTO "gig" ("album_id","musician_id") VALUES ('10','27');
INSERT INTO "gig" ("album_id","musician_id") VALUES ('10','48');
INSERT INTO "gig" ("album_id","musician_id") VALUES ('10','76');
INSERT INTO "gig" ("album_id","musician_id") VALUES ('10','77');
INSERT INTO "gig" ("album_id","musician_id") VALUES ('10','78');
INSERT INTO "gig" ("album_id","musician_id") VALUES ('11','3');
INSERT INTO "gig" ("album_id","musician_id") VALUES ('11','79');
INSERT INTO "gig" ("album_id","musician_id") VALUES ('11','80');
INSERT INTO "gig" ("album_id","musician_id") VALUES ('12','79');
INSERT INTO "gig" ("album_id","musician_id") VALUES ('13','80');
INSERT INTO "gig" ("album_id","musician_id") VALUES ('13','81');
INSERT INTO "gig" ("album_id","musician_id") VALUES ('13','82');
INSERT INTO "gig" ("album_id","musician_id") VALUES ('13','83');
INSERT INTO "gig" ("album_id","musician_id") VALUES ('14','85');
INSERT INTO "gig" ("album_id","musician_id") VALUES ('14','86');
INSERT INTO "gig" ("album_id","musician_id") VALUES ('14','87');
INSERT INTO "gig" ("album_id","musician_id") VALUES ('14','88');
INSERT INTO "gig" ("album_id","musician_id") VALUES ('15','28');
INSERT INTO "gig" ("album_id","musician_id") VALUES ('15','89');
INSERT INTO "gig" ("album_id","musician_id") VALUES ('15','90');
INSERT INTO "gig" ("album_id","musician_id") VALUES ('15','91');
INSERT INTO "gig" ("album_id","musician_id") VALUES ('16','12');
INSERT INTO "gig" ("album_id","musician_id") VALUES ('16','19');
INSERT INTO "gig" ("album_id","musician_id") VALUES ('16','28');
INSERT INTO "gig" ("album_id","musician_id") VALUES ('16','35');
INSERT INTO "gig" ("album_id","musician_id") VALUES ('16','111');
INSERT INTO "gig" ("album_id","musician_id") VALUES ('16','112');
INSERT INTO "gig" ("album_id","musician_id") VALUES ('16','213');
INSERT INTO "gig" ("album_id","musician_id") VALUES ('17','88');
INSERT INTO "gig" ("album_id","musician_id") VALUES ('17','113');
INSERT INTO "gig" ("album_id","musician_id") VALUES ('17','114');
INSERT INTO "gig" ("album_id","musician_id") VALUES ('17','115');
INSERT INTO "gig" ("album_id","musician_id") VALUES ('17','116');
INSERT INTO "gig" ("album_id","musician_id") VALUES ('17','119');
INSERT INTO "gig" ("album_id","musician_id") VALUES ('17','137');
INSERT INTO "gig" ("album_id","musician_id") VALUES ('17','211');
INSERT INTO "gig" ("album_id","musician_id") VALUES ('18','2');
INSERT INTO "gig" ("album_id","musician_id") VALUES ('18','34');
INSERT INTO "gig" ("album_id","musician_id") VALUES ('18','88');
INSERT INTO "gig" ("album_id","musician_id") VALUES ('18','113');
INSERT INTO "gig" ("album_id","musician_id") VALUES ('18','114');
INSERT INTO "gig" ("album_id","musician_id") VALUES ('18','117');
INSERT INTO "gig" ("album_id","musician_id") VALUES ('18','118');
INSERT INTO "gig" ("album_id","musician_id") VALUES ('18','120');
INSERT INTO "gig" ("album_id","musician_id") VALUES ('18','121');
INSERT INTO "gig" ("album_id","musician_id") VALUES ('18','122');
INSERT INTO "gig" ("album_id","musician_id") VALUES ('18','123');
INSERT INTO "gig" ("album_id","musician_id") VALUES ('18','124');
INSERT INTO "gig" ("album_id","musician_id") VALUES ('18','125');
INSERT INTO "gig" ("album_id","musician_id") VALUES ('18','126');
INSERT INTO "gig" ("album_id","musician_id") VALUES ('18','127');
INSERT INTO "gig" ("album_id","musician_id") VALUES ('18','128');
INSERT INTO "gig" ("album_id","musician_id") VALUES ('18','129');
INSERT INTO "gig" ("album_id","musician_id") VALUES ('18','130');
INSERT INTO "gig" ("album_id","musician_id") VALUES ('18','131');
INSERT INTO "gig" ("album_id","musician_id") VALUES ('18','132');
INSERT INTO "gig" ("album_id","musician_id") VALUES ('19','133');
INSERT INTO "gig" ("album_id","musician_id") VALUES ('19','134');
INSERT INTO "gig" ("album_id","musician_id") VALUES ('19','135');
INSERT INTO "gig" ("album_id","musician_id") VALUES ('19','136');
INSERT INTO "gig" ("album_id","musician_id") VALUES ('19','137');
INSERT INTO "gig" ("album_id","musician_id") VALUES ('19','138');
INSERT INTO "gig" ("album_id","musician_id") VALUES ('20','6');
INSERT INTO "gig" ("album_id","musician_id") VALUES ('20','7');
INSERT INTO "gig" ("album_id","musician_id") VALUES ('20','9');
INSERT INTO "gig" ("album_id","musician_id") VALUES ('20','10');
INSERT INTO "gig" ("album_id","musician_id") VALUES ('20','19');
INSERT INTO "gig" ("album_id","musician_id") VALUES ('20','33');
INSERT INTO "gig" ("album_id","musician_id") VALUES ('20','35');
INSERT INTO "gig" ("album_id","musician_id") VALUES ('20','36');
INSERT INTO "gig" ("album_id","musician_id") VALUES ('21','92');
INSERT INTO "gig" ("album_id","musician_id") VALUES ('22','36');
INSERT INTO "gig" ("album_id","musician_id") VALUES ('22','58');
INSERT INTO "gig" ("album_id","musician_id") VALUES ('22','68');
INSERT INTO "gig" ("album_id","musician_id") VALUES ('22','69');
INSERT INTO "gig" ("album_id","musician_id") VALUES ('22','70');
INSERT INTO "gig" ("album_id","musician_id") VALUES ('22','75');
INSERT INTO "gig" ("album_id","musician_id") VALUES ('22','105');
INSERT INTO "gig" ("album_id","musician_id") VALUES ('22','106');
INSERT INTO "gig" ("album_id","musician_id") VALUES ('22','107');
INSERT INTO "gig" ("album_id","musician_id") VALUES ('22','108');
INSERT INTO "gig" ("album_id","musician_id") VALUES ('22','109');
INSERT INTO "gig" ("album_id","musician_id") VALUES ('22','110');
INSERT INTO "gig" ("album_id","musician_id") VALUES ('22','175');
INSERT INTO "gig" ("album_id","musician_id") VALUES ('23','1');
INSERT INTO "gig" ("album_id","musician_id") VALUES ('23','3');
INSERT INTO "gig" ("album_id","musician_id") VALUES ('23','23');
INSERT INTO "gig" ("album_id","musician_id") VALUES ('23','27');
INSERT INTO "gig" ("album_id","musician_id") VALUES ('23','40');
INSERT INTO "gig" ("album_id","musician_id") VALUES ('23','46');
INSERT INTO "gig" ("album_id","musician_id") VALUES ('23','58');
INSERT INTO "gig" ("album_id","musician_id") VALUES ('23','59');
INSERT INTO "gig" ("album_id","musician_id") VALUES ('23','61');
INSERT INTO "gig" ("album_id","musician_id") VALUES ('23','93');
INSERT INTO "gig" ("album_id","musician_id") VALUES ('23','94');
INSERT INTO "gig" ("album_id","musician_id") VALUES ('23','95');
INSERT INTO "gig" ("album_id","musician_id") VALUES ('23','96');
INSERT INTO "gig" ("album_id","musician_id") VALUES ('23','97');
INSERT INTO "gig" ("album_id","musician_id") VALUES ('23','98');
INSERT INTO "gig" ("album_id","musician_id") VALUES ('23','99');
INSERT INTO "gig" ("album_id","musician_id") VALUES ('23','100');
INSERT INTO "gig" ("album_id","musician_id") VALUES ('23','101');
INSERT INTO "gig" ("album_id","musician_id") VALUES ('23','102');
INSERT INTO "gig" ("album_id","musician_id") VALUES ('23','103');
INSERT INTO "gig" ("album_id","musician_id") VALUES ('23','104');
INSERT INTO "gig" ("album_id","musician_id") VALUES ('24','139');
INSERT INTO "gig" ("album_id","musician_id") VALUES ('24','140');
INSERT INTO "gig" ("album_id","musician_id") VALUES ('24','141');
INSERT INTO "gig" ("album_id","musician_id") VALUES ('24','142');
INSERT INTO "gig" ("album_id","musician_id") VALUES ('24','143');
INSERT INTO "gig" ("album_id","musician_id") VALUES ('24','144');
INSERT INTO "gig" ("album_id","musician_id") VALUES ('24','145');
INSERT INTO "gig" ("album_id","musician_id") VALUES ('24','146');
INSERT INTO "gig" ("album_id","musician_id") VALUES ('25','145');
INSERT INTO "gig" ("album_id","musician_id") VALUES ('26','88');
INSERT INTO "gig" ("album_id","musician_id") VALUES ('26','113');
INSERT INTO "gig" ("album_id","musician_id") VALUES ('26','114');
INSERT INTO "gig" ("album_id","musician_id") VALUES ('26','115');
INSERT INTO "gig" ("album_id","musician_id") VALUES ('26','127');
INSERT INTO "gig" ("album_id","musician_id") VALUES ('26','165');
INSERT INTO "gig" ("album_id","musician_id") VALUES ('26','166');
INSERT INTO "gig" ("album_id","musician_id") VALUES ('27','3');
INSERT INTO "gig" ("album_id","musician_id") VALUES ('27','61');
INSERT INTO "gig" ("album_id","musician_id") VALUES ('27','162');
INSERT INTO "gig" ("album_id","musician_id") VALUES ('27','210');
INSERT INTO "gig" ("album_id","musician_id") VALUES ('28','84');
INSERT INTO "gig" ("album_id","musician_id") VALUES ('28','85');
INSERT INTO "gig" ("album_id","musician_id") VALUES ('28','147');
INSERT INTO "gig" ("album_id","musician_id") VALUES ('28','163');
INSERT INTO "gig" ("album_id","musician_id") VALUES ('29','121');
INSERT INTO "gig" ("album_id","musician_id") VALUES ('29','140');
INSERT INTO "gig" ("album_id","musician_id") VALUES ('29','141');
INSERT INTO "gig" ("album_id","musician_id") VALUES ('29','143');
INSERT INTO "gig" ("album_id","musician_id") VALUES ('29','146');
INSERT INTO "gig" ("album_id","musician_id") VALUES ('29','164');
INSERT INTO "gig" ("album_id","musician_id") VALUES ('29','165');
INSERT INTO "gig" ("album_id","musician_id") VALUES ('29','167');
INSERT INTO "gig" ("album_id","musician_id") VALUES ('29','168');
INSERT INTO "gig" ("album_id","musician_id") VALUES ('29','169');
INSERT INTO "gig" ("album_id","musician_id") VALUES ('29','170');
INSERT INTO "gig" ("album_id","musician_id") VALUES ('29','171');
INSERT INTO "gig" ("album_id","musician_id") VALUES ('29','172');
INSERT INTO "gig" ("album_id","musician_id") VALUES ('29','173');
INSERT INTO "gig" ("album_id","musician_id") VALUES ('29','174');
INSERT INTO "gig" ("album_id","musician_id") VALUES ('30','17');
INSERT INTO "gig" ("album_id","musician_id") VALUES ('30','177');
INSERT INTO "gig" ("album_id","musician_id") VALUES ('30','178');
INSERT INTO "gig" ("album_id","musician_id") VALUES ('30','179');
INSERT INTO "gig" ("album_id","musician_id") VALUES ('30','180');
INSERT INTO "gig" ("album_id","musician_id") VALUES ('30','181');
INSERT INTO "gig" ("album_id","musician_id") VALUES ('30','182');
INSERT INTO "gig" ("album_id","musician_id") VALUES ('30','183');
INSERT INTO "gig" ("album_id","musician_id") VALUES ('30','184');
INSERT INTO "gig" ("album_id","musician_id") VALUES ('30','185');
INSERT INTO "gig" ("album_id","musician_id") VALUES ('30','186');
INSERT INTO "gig" ("album_id","musician_id") VALUES ('30','187');
INSERT INTO "gig" ("album_id","musician_id") VALUES ('31','17');
INSERT INTO "gig" ("album_id","musician_id") VALUES ('31','149');
INSERT INTO "gig" ("album_id","musician_id") VALUES ('31','177');
INSERT INTO "gig" ("album_id","musician_id") VALUES ('31','188');
INSERT INTO "gig" ("album_id","musician_id") VALUES ('31','189');
INSERT INTO "gig" ("album_id","musician_id") VALUES ('31','190');
INSERT INTO "gig" ("album_id","musician_id") VALUES ('31','191');
INSERT INTO "gig" ("album_id","musician_id") VALUES ('31','192');
INSERT INTO "gig" ("album_id","musician_id") VALUES ('31','193');
INSERT INTO "gig" ("album_id","musician_id") VALUES ('31','194');
INSERT INTO "gig" ("album_id","musician_id") VALUES ('31','195');
INSERT INTO "gig" ("album_id","musician_id") VALUES ('31','196');
INSERT INTO "gig" ("album_id","musician_id") VALUES ('31','197');
INSERT INTO "gig" ("album_id","musician_id") VALUES ('31','198');
INSERT INTO "gig" ("album_id","musician_id") VALUES ('31','199');
INSERT INTO "gig" ("album_id","musician_id") VALUES ('31','200');
INSERT INTO "gig" ("album_id","musician_id") VALUES ('31','201');
INSERT INTO "gig" ("album_id","musician_id") VALUES ('31','202');
INSERT INTO "gig" ("album_id","musician_id") VALUES ('31','203');
INSERT INTO "gig" ("album_id","musician_id") VALUES ('31','204');
INSERT INTO "gig" ("album_id","musician_id") VALUES ('31','205');
INSERT INTO "gig" ("album_id","musician_id") VALUES ('31','206');
INSERT INTO "gig" ("album_id","musician_id") VALUES ('31','207');
INSERT INTO "gig" ("album_id","musician_id") VALUES ('31','208');
INSERT INTO "gig" ("album_id","musician_id") VALUES ('31','209');
INSERT INTO "gig" ("album_id","musician_id") VALUES ('32','89');
INSERT INTO "gig" ("album_id","musician_id") VALUES ('32','90');
INSERT INTO "gig" ("album_id","musician_id") VALUES ('32','91');
INSERT INTO "gig" ("album_id","musician_id") VALUES ('32','176');
INSERT INTO "gig" ("album_id","musician_id") VALUES ('33','33');
INSERT INTO "gig" ("album_id","musician_id") VALUES ('35','46');
INSERT INTO "gig" ("album_id","musician_id") VALUES ('36','46');
INSERT INTO "gig" ("album_id","musician_id") VALUES ('37','46');
INSERT INTO "gig" ("album_id","musician_id") VALUES ('38','46');
INSERT INTO "gig" ("album_id","musician_id") VALUES ('39','46');
INSERT INTO "gig" ("album_id","musician_id") VALUES ('40','46');
INSERT INTO "gig" ("album_id","musician_id") VALUES ('41','46');
INSERT INTO "gig" ("album_id","musician_id") VALUES ('42','46');
INSERT INTO "gig" ("album_id","musician_id") VALUES ('43','46');
INSERT INTO "gig" ("album_id","musician_id") VALUES ('44','46');
INSERT INTO "gig" ("album_id","musician_id") VALUES ('45','46');
INSERT INTO "gig" ("album_id","musician_id") VALUES ('46','46');
INSERT INTO "gig" ("album_id","musician_id") VALUES ('47','46');
INSERT INTO "gig" ("album_id","musician_id") VALUES ('48','46');
INSERT INTO "gig" ("album_id","musician_id") VALUES ('49','48');
INSERT INTO "gig" ("album_id","musician_id") VALUES ('50','49');
INSERT INTO "gig" ("album_id","musician_id") VALUES ('52','58');
INSERT INTO "gig" ("album_id","musician_id") VALUES ('53','71');
INSERT INTO "gig" ("album_id","musician_id") VALUES ('54','73');
INSERT INTO "gig" ("album_id","musician_id") VALUES ('54','224');
INSERT INTO "gig" ("album_id","musician_id") VALUES ('54','225');
INSERT INTO "gig" ("album_id","musician_id") VALUES ('54','227');
INSERT INTO "gig" ("album_id","musician_id") VALUES ('54','228');
INSERT INTO "gig" ("album_id","musician_id") VALUES ('54','229');
INSERT INTO "gig" ("album_id","musician_id") VALUES ('54','230');
INSERT INTO "gig" ("album_id","musician_id") VALUES ('54','231');
INSERT INTO "gig" ("album_id","musician_id") VALUES ('54','232');
INSERT INTO "gig" ("album_id","musician_id") VALUES ('54','233');
INSERT INTO "gig" ("album_id","musician_id") VALUES ('54','234');
INSERT INTO "gig" ("album_id","musician_id") VALUES ('54','235');
INSERT INTO "gig" ("album_id","musician_id") VALUES ('54','236');
INSERT INTO "gig" ("album_id","musician_id") VALUES ('54','237');
INSERT INTO "gig" ("album_id","musician_id") VALUES ('54','238');
INSERT INTO "gig" ("album_id","musician_id") VALUES ('54','239');
INSERT INTO "gig" ("album_id","musician_id") VALUES ('54','240');
INSERT INTO "gig" ("album_id","musician_id") VALUES ('54','241');
INSERT INTO "gig" ("album_id","musician_id") VALUES ('54','242');
INSERT INTO "gig" ("album_id","musician_id") VALUES ('54','243');
INSERT INTO "gig" ("album_id","musician_id") VALUES ('57','224');
INSERT INTO "gig" ("album_id","musician_id") VALUES ('57','225');
INSERT INTO "gig" ("album_id","musician_id") VALUES ('57','226');
INSERT INTO "gig" ("album_id","musician_id") VALUES ('57','227');
INSERT INTO "gig" ("album_id","musician_id") VALUES ('57','228');
INSERT INTO "gig" ("album_id","musician_id") VALUES ('61','224');
INSERT INTO "gig" ("album_id","musician_id") VALUES ('61','244');
INSERT INTO "gig" ("album_id","musician_id") VALUES ('61','245');
INSERT INTO "gig" ("album_id","musician_id") VALUES ('61','246');
INSERT INTO "gig" ("album_id","musician_id") VALUES ('62','224');
INSERT INTO "gig" ("album_id","musician_id") VALUES ('62','245');
INSERT INTO "gig" ("album_id","musician_id") VALUES ('63','224');
INSERT INTO "gig" ("album_id","musician_id") VALUES ('63','244');
INSERT INTO "gig" ("album_id","musician_id") VALUES ('63','245');
INSERT INTO "gig" ("album_id","musician_id") VALUES ('63','246');
INSERT INTO "gig" ("album_id","musician_id") VALUES ('63','247');
INSERT INTO "gig" ("album_id","musician_id") VALUES ('64','224');
INSERT INTO "gig" ("album_id","musician_id") VALUES ('64','245');
INSERT INTO "gig" ("album_id","musician_id") VALUES ('64','248');
INSERT INTO "gig" ("album_id","musician_id") VALUES ('64','249');
INSERT INTO "gig" ("album_id","musician_id") VALUES ('64','250');
INSERT INTO "gig" ("album_id","musician_id") VALUES ('64','267');
INSERT INTO "gig" ("album_id","musician_id") VALUES ('64','268');
INSERT INTO "gig" ("album_id","musician_id") VALUES ('65','224');
INSERT INTO "gig" ("album_id","musician_id") VALUES ('65','226');
INSERT INTO "gig" ("album_id","musician_id") VALUES ('65','231');
INSERT INTO "gig" ("album_id","musician_id") VALUES ('65','232');
INSERT INTO "gig" ("album_id","musician_id") VALUES ('65','241');
INSERT INTO "gig" ("album_id","musician_id") VALUES ('65','243');
INSERT INTO "gig" ("album_id","musician_id") VALUES ('65','251');
INSERT INTO "gig" ("album_id","musician_id") VALUES ('65','252');
INSERT INTO "gig" ("album_id","musician_id") VALUES ('65','253');
INSERT INTO "gig" ("album_id","musician_id") VALUES ('65','254');
INSERT INTO "gig" ("album_id","musician_id") VALUES ('65','255');
INSERT INTO "gig" ("album_id","musician_id") VALUES ('65','256');
INSERT INTO "gig" ("album_id","musician_id") VALUES ('65','257');
INSERT INTO "gig" ("album_id","musician_id") VALUES ('65','258');
INSERT INTO "gig" ("album_id","musician_id") VALUES ('65','259');
INSERT INTO "gig" ("album_id","musician_id") VALUES ('65','260');
INSERT INTO "gig" ("album_id","musician_id") VALUES ('65','261');
INSERT INTO "gig" ("album_id","musician_id") VALUES ('65','262');
INSERT INTO "gig" ("album_id","musician_id") VALUES ('65','263');
INSERT INTO "gig" ("album_id","musician_id") VALUES ('65','264');
INSERT INTO "gig" ("album_id","musician_id") VALUES ('65','265');
INSERT INTO "gig" ("album_id","musician_id") VALUES ('65','266');
INSERT INTO "gig" ("album_id","musician_id") VALUES ('68','224');
INSERT INTO "gig" ("album_id","musician_id") VALUES ('68','267');
INSERT INTO "gig" ("album_id","musician_id") VALUES ('68','268');
INSERT INTO "gig" ("album_id","musician_id") VALUES ('70','224');
INSERT INTO "gig" ("album_id","musician_id") VALUES ('70','233');
INSERT INTO "gig" ("album_id","musician_id") VALUES ('70','267');
INSERT INTO "gig" ("album_id","musician_id") VALUES ('70','268');
INSERT INTO "gig" ("album_id","musician_id") VALUES ('70','269');
INSERT INTO "gig" ("album_id","musician_id") VALUES ('70','270');
INSERT INTO "gig" ("album_id","musician_id") VALUES ('70','271');
INSERT INTO "gig" ("album_id","musician_id") VALUES ('70','272');
INSERT INTO "gig" ("album_id","musician_id") VALUES ('70','273');
INSERT INTO "gig" ("album_id","musician_id") VALUES ('70','274');
INSERT INTO "gig" ("album_id","musician_id") VALUES ('70','275');
INSERT INTO "gig" ("album_id","musician_id") VALUES ('70','276');
INSERT INTO "gig" ("album_id","musician_id") VALUES ('70','277');
INSERT INTO "gig" ("album_id","musician_id") VALUES ('70','278');
INSERT INTO "gig" ("album_id","musician_id") VALUES ('74','224');
INSERT INTO "gig" ("album_id","musician_id") VALUES ('74','230');
INSERT INTO "gig" ("album_id","musician_id") VALUES ('74','244');
INSERT INTO "gig" ("album_id","musician_id") VALUES ('74','271');
INSERT INTO "gig" ("album_id","musician_id") VALUES ('74','272');
INSERT INTO "gig" ("album_id","musician_id") VALUES ('74','273');
INSERT INTO "gig" ("album_id","musician_id") VALUES ('74','278');
INSERT INTO "gig" ("album_id","musician_id") VALUES ('74','279');
INSERT INTO "gig" ("album_id","musician_id") VALUES ('74','280');
INSERT INTO "gig" ("album_id","musician_id") VALUES ('74','281');
INSERT INTO "gig" ("album_id","musician_id") VALUES ('74','282');
INSERT INTO "gig" ("album_id","musician_id") VALUES ('74','283');
INSERT INTO "gig" ("album_id","musician_id") VALUES ('74','284');
INSERT INTO "gig" ("album_id","musician_id") VALUES ('74','285');
INSERT INTO "gig" ("album_id","musician_id") VALUES ('82','6');
INSERT INTO "gig" ("album_id","musician_id") VALUES ('82','7');
INSERT INTO "gig" ("album_id","musician_id") VALUES ('82','8');
INSERT INTO "gig" ("album_id","musician_id") VALUES ('82','9');
INSERT INTO "gig" ("album_id","musician_id") VALUES ('82','10');
INSERT INTO "gig" ("album_id","musician_id") VALUES ('82','11');
INSERT INTO "gig" ("album_id","musician_id") VALUES ('82','12');
INSERT INTO "gig" ("album_id","musician_id") VALUES ('82','13');
INSERT INTO "gig" ("album_id","musician_id") VALUES ('82','14');
INSERT INTO "gig" ("album_id","musician_id") VALUES ('82','15');
INSERT INTO "gig" ("album_id","musician_id") VALUES ('82','16');
INSERT INTO "gig" ("album_id","musician_id") VALUES ('82','90');
INSERT INTO "gig" ("album_id","musician_id") VALUES ('82','111');
INSERT INTO "gig" ("album_id","musician_id") VALUES ('82','214');
INSERT INTO "gig" ("album_id","musician_id") VALUES ('82','215');
INSERT INTO "gig" ("album_id","musician_id") VALUES ('82','222');
INSERT INTO "gig" ("album_id","musician_id") VALUES ('82','286');
INSERT INTO "gig" ("album_id","musician_id") VALUES ('82','288');
INSERT INTO "gig" ("album_id","musician_id") VALUES ('82','289');

----
-- Table structure for musician
----
CREATE TABLE 'musician' ('musician_id' INTEGER PRIMARY KEY NOT NULL, 'family_name' TEXT, 'given_name' TEXT, 'birth_date' NUMERIC, 'birth_country' TEXT, 'death_date' NUMERIC, 'death_country' TEXT);

----
-- Data dump for musician, a total of 290 rows
----
INSERT INTO "musician" ("musician_id","family_name","given_name","birth_date","birth_country","death_date","death_country") VALUES ('1','STARR','Ringo','1940-07-07','England',NULL,NULL);
INSERT INTO "musician" ("musician_id","family_name","given_name","birth_date","birth_country","death_date","death_country") VALUES ('2','LENNON','John','1940-10-09','England','1980-11-08','USA');
INSERT INTO "musician" ("musician_id","family_name","given_name","birth_date","birth_country","death_date","death_country") VALUES ('3','MCCARTNEY','Paul','1942-06-18','England',NULL,NULL);
INSERT INTO "musician" ("musician_id","family_name","given_name","birth_date","birth_country","death_date","death_country") VALUES ('4','HARRISON','George','1943-02-25','England','2001-11-29','USA');
INSERT INTO "musician" ("musician_id","family_name","given_name","birth_date","birth_country","death_date","death_country") VALUES ('5','JONES','Brian','1942-02-28','England','1969-07-03','England');
INSERT INTO "musician" ("musician_id","family_name","given_name","birth_date","birth_country","death_date","death_country") VALUES ('6','JAGGER','Mick','1943-07-26','England',NULL,NULL);
INSERT INTO "musician" ("musician_id","family_name","given_name","birth_date","birth_country","death_date","death_country") VALUES ('7','RICHARDS','Keith','1943-12-18','England',NULL,NULL);
INSERT INTO "musician" ("musician_id","family_name","given_name","birth_date","birth_country","death_date","death_country") VALUES ('8','STEWART','Ian','1938-07-18','England','1985-12-12','England');
INSERT INTO "musician" ("musician_id","family_name","given_name","birth_date","birth_country","death_date","death_country") VALUES ('9','WATTS','Charlie','1941-06-02','England',NULL,NULL);
INSERT INTO "musician" ("musician_id","family_name","given_name","birth_date","birth_country","death_date","death_country") VALUES ('10','WYMAN','Bill','1936-10-24','England',NULL,NULL);
INSERT INTO "musician" ("musician_id","family_name","given_name","birth_date","birth_country","death_date","death_country") VALUES ('11','PRICE','Jim',NULL,'USA',NULL,NULL);
INSERT INTO "musician" ("musician_id","family_name","given_name","birth_date","birth_country","death_date","death_country") VALUES ('12','KEYS/KEYES','Bobby','1943-12-18','USA',NULL,NULL);
INSERT INTO "musician" ("musician_id","family_name","given_name","birth_date","birth_country","death_date","death_country") VALUES ('13','DICKINSON','Jim','1941-11-15','USA',NULL,NULL);
INSERT INTO "musician" ("musician_id","family_name","given_name","birth_date","birth_country","death_date","death_country") VALUES ('14','TAYLOR','Mick','1949-01-17','England',NULL,NULL);
INSERT INTO "musician" ("musician_id","family_name","given_name","birth_date","birth_country","death_date","death_country") VALUES ('15','HOPKINS','Nicky','1944-02-24','England','1994-09-06','USA');
INSERT INTO "musician" ("musician_id","family_name","given_name","birth_date","birth_country","death_date","death_country") VALUES ('16','PRESTON','Billy','1946-09-02','USA','2006-06-06','USA');
INSERT INTO "musician" ("musician_id","family_name","given_name","birth_date","birth_country","death_date","death_country") VALUES ('17','FIELDS','Vanetta',NULL,'USA',NULL,NULL);
INSERT INTO "musician" ("musician_id","family_name","given_name","birth_date","birth_country","death_date","death_country") VALUES ('18','KING','Clydie','1943-08-21','USA',NULL,NULL);
INSERT INTO "musician" ("musician_id","family_name","given_name","birth_date","birth_country","death_date","death_country") VALUES ('19','WOOD','Ron','1947-06-01','England',NULL,NULL);
INSERT INTO "musician" ("musician_id","family_name","given_name","birth_date","birth_country","death_date","death_country") VALUES ('20','KIRKLAND','Jesse',NULL,NULL,NULL,NULL);
INSERT INTO "musician" ("musician_id","family_name","given_name","birth_date","birth_country","death_date","death_country") VALUES ('21','LYNN','Tami/Tammy/Tammi/Tamiya ','1942-00-00','USA',NULL,NULL);
INSERT INTO "musician" ("musician_id","family_name","given_name","birth_date","birth_country","death_date","death_country") VALUES ('22','GOODMAN','Shirley','1936-06-19','USA','2005-07-05','USA');
INSERT INTO "musician" ("musician_id","family_name","given_name","birth_date","birth_country","death_date","death_country") VALUES ('23',NULL,'Dr John','1940-11-21','USA',NULL,NULL);
INSERT INTO "musician" ("musician_id","family_name","given_name","birth_date","birth_country","death_date","death_country") VALUES ('24','GREEN','Joe',NULL,NULL,NULL,NULL);
INSERT INTO "musician" ("musician_id","family_name","given_name","birth_date","birth_country","death_date","death_country") VALUES ('25','MCDONALD','Kathi','1948-09-25','USA',NULL,NULL);
INSERT INTO "musician" ("musician_id","family_name","given_name","birth_date","birth_country","death_date","death_country") VALUES ('26','PLUMMER','Bill',NULL,NULL,NULL,NULL);
INSERT INTO "musician" ("musician_id","family_name","given_name","birth_date","birth_country","death_date","death_country") VALUES ('27','CLAPTON','Eric','1945-03-30','England',NULL,NULL);
INSERT INTO "musician" ("musician_id","family_name","given_name","birth_date","birth_country","death_date","death_country") VALUES ('28','JONES','Kenney','1948-09-16','England',NULL,NULL);
INSERT INTO "musician" ("musician_id","family_name","given_name","birth_date","birth_country","death_date","death_country") VALUES ('29','COOPER','Ray','1942-08-19','England',NULL,NULL);
INSERT INTO "musician" ("musician_id","family_name","given_name","birth_date","birth_country","death_date","death_country") VALUES ('30','Blue Magic',NULL,NULL,NULL,NULL,NULL);
INSERT INTO "musician" ("musician_id","family_name","given_name","birth_date","birth_country","death_date","death_country") VALUES ('31','KUNJAPPU','Charlie Jolly',NULL,NULL,NULL,NULL);
INSERT INTO "musician" ("musician_id","family_name","given_name","birth_date","birth_country","death_date","death_country") VALUES ('32','LEACH','Ed',NULL,NULL,NULL,NULL);
INSERT INTO "musician" ("musician_id","family_name","given_name","birth_date","birth_country","death_date","death_country") VALUES ('33','BLUE','Sugar','1950-00-00','USA',NULL,NULL);
INSERT INTO "musician" ("musician_id","family_name","given_name","birth_date","birth_country","death_date","death_country") VALUES ('34','WEEKS','Willy','1947-00-00','USA',NULL,NULL);
INSERT INTO "musician" ("musician_id","family_name","given_name","birth_date","birth_country","death_date","death_country") VALUES ('35','MACLAGAN','Ian','1945-05-12','England',NULL,NULL);
INSERT INTO "musician" ("musician_id","family_name","given_name","birth_date","birth_country","death_date","death_country") VALUES ('36','COLLINS','Mel','1947-09-05','England',NULL,NULL);
INSERT INTO "musician" ("musician_id","family_name","given_name","birth_date","birth_country","death_date","death_country") VALUES ('37','BRUCE','Jack','1943-05-14','Scotland',NULL,NULL);
INSERT INTO "musician" ("musician_id","family_name","given_name","birth_date","birth_country","death_date","death_country") VALUES ('38','BAKER','Ginger','1939-08-19','England',NULL,NULL);
INSERT INTO "musician" ("musician_id","family_name","given_name","birth_date","birth_country","death_date","death_country") VALUES ('39','ONO','Yoko','1933-02-18','Japan',NULL,NULL);
INSERT INTO "musician" ("musician_id","family_name","given_name","birth_date","birth_country","death_date","death_country") VALUES ('40','VOORMANN','Klaus','1938-04-29','Germany',NULL,NULL);
INSERT INTO "musician" ("musician_id","family_name","given_name","birth_date","birth_country","death_date","death_country") VALUES ('41','BRENDELL','Steve',NULL,NULL,NULL,NULL);
INSERT INTO "musician" ("musician_id","family_name","given_name","birth_date","birth_country","death_date","death_country") VALUES ('42','WHITE','Alan','1949-06-19','England',NULL,NULL);
INSERT INTO "musician" ("musician_id","family_name","given_name","birth_date","birth_country","death_date","death_country") VALUES ('43','TURNER','Ted','1950-08-02','England',NULL,NULL);
INSERT INTO "musician" ("musician_id","family_name","given_name","birth_date","birth_country","death_date","death_country") VALUES ('44','LINTON','Rod',NULL,NULL,NULL,NULL);
INSERT INTO "musician" ("musician_id","family_name","given_name","birth_date","birth_country","death_date","death_country") VALUES ('45','TOUT','John',NULL,NULL,NULL,NULL);
INSERT INTO "musician" ("musician_id","family_name","given_name","birth_date","birth_country","death_date","death_country") VALUES ('46','KELTNER','Jim','1942-04-27','USA',NULL,NULL);
INSERT INTO "musician" ("musician_id","family_name","given_name","birth_date","birth_country","death_date","death_country") VALUES ('47','BARHAM','John',NULL,'England',NULL,NULL);
INSERT INTO "musician" ("musician_id","family_name","given_name","birth_date","birth_country","death_date","death_country") VALUES ('48','GORDON','Jim','1945-07-14','USA',NULL,NULL);
INSERT INTO "musician" ("musician_id","family_name","given_name","birth_date","birth_country","death_date","death_country") VALUES ('49','OUSLEY','Curtis (King Cutis)','1934-02-07','USA','1971-08-13','USA');
INSERT INTO "musician" ("musician_id","family_name","given_name","birth_date","birth_country","death_date","death_country") VALUES ('50','EVANS','Tom','1947-06-05','England','1983-11-19','England');
INSERT INTO "musician" ("musician_id","family_name","given_name","birth_date","birth_country","death_date","death_country") VALUES ('51','MOLLAND','Joey','1947-06-21','England',NULL,NULL);
INSERT INTO "musician" ("musician_id","family_name","given_name","birth_date","birth_country","death_date","death_country") VALUES ('52','PERKINS','Al','1944-01-18','USA',NULL,NULL);
INSERT INTO "musician" ("musician_id","family_name","given_name","birth_date","birth_country","death_date","death_country") VALUES ('53','PINDER','Mike','1941-12-27','England',NULL,NULL);
INSERT INTO "musician" ("musician_id","family_name","given_name","birth_date","birth_country","death_date","death_country") VALUES ('54','MARTIN','George','1926-01-03','England',NULL,NULL);
INSERT INTO "musician" ("musician_id","family_name","given_name","birth_date","birth_country","death_date","death_country") VALUES ('55','HOLLAND','Milt','1917-02-07','USA','2005-11-04','USA');
INSERT INTO "musician" ("musician_id","family_name","given_name","birth_date","birth_country","death_date","death_country") VALUES ('56','VAN EATON','Lon',NULL,NULL,NULL,NULL);
INSERT INTO "musician" ("musician_id","family_name","given_name","birth_date","birth_country","death_date","death_country") VALUES ('57','VAN EATON','Derrek',NULL,NULL,NULL,NULL);
INSERT INTO "musician" ("musician_id","family_name","given_name","birth_date","birth_country","death_date","death_country") VALUES ('58','HELM','Levon','1940-05-26','USA',NULL,NULL);
INSERT INTO "musician" ("musician_id","family_name","given_name","birth_date","birth_country","death_date","death_country") VALUES ('59','NILSSON','Harry','1941-06-15','USA','1994-01-15','USA');
INSERT INTO "musician" ("musician_id","family_name","given_name","birth_date","birth_country","death_date","death_country") VALUES ('60','REEVES','Martha','1941-07-18','USA',NULL,NULL);
INSERT INTO "musician" ("musician_id","family_name","given_name","birth_date","birth_country","death_date","death_country") VALUES ('61','MCCARTNEY','Linda','1942-09-24','USA','1998-04-17','USA');
INSERT INTO "musician" ("musician_id","family_name","given_name","birth_date","birth_country","death_date","death_country") VALUES ('62','PERRY','Richard','1942-06-18','USA',NULL,NULL);
INSERT INTO "musician" ("musician_id","family_name","given_name","birth_date","birth_country","death_date","death_country") VALUES ('63','BOLAN','Marc','1947-09-30','England','1977-09-16','England');
INSERT INTO "musician" ("musician_id","family_name","given_name","birth_date","birth_country","death_date","death_country") VALUES ('64','SCOTT','Tom','1948-05-19','USA',NULL,NULL);
INSERT INTO "musician" ("musician_id","family_name","given_name","birth_date","birth_country","death_date","death_country") VALUES ('65','PONCIA','Vini','1942-04-29','USA',NULL,NULL);
INSERT INTO "musician" ("musician_id","family_name","given_name","birth_date","birth_country","death_date","death_country") VALUES ('66','BOOKER','James','1939-12-17','USA','1983-11-08','USA');
INSERT INTO "musician" ("musician_id","family_name","given_name","birth_date","birth_country","death_date","death_country") VALUES ('67','CALVERT','Jimmy',NULL,NULL,NULL,NULL);
INSERT INTO "musician" ("musician_id","family_name","given_name","birth_date","birth_country","death_date","death_country") VALUES ('68','ROBERTSON','Robbie','1943-07-05','Canada',NULL,NULL);
INSERT INTO "musician" ("musician_id","family_name","given_name","birth_date","birth_country","death_date","death_country") VALUES ('69','DANKO','Rick','1943-12-29','Canada','1999-12-10','USA');
INSERT INTO "musician" ("musician_id","family_name","given_name","birth_date","birth_country","death_date","death_country") VALUES ('70','HUDSON','Garth','1937-08-02','Canada',NULL,NULL);
INSERT INTO "musician" ("musician_id","family_name","given_name","birth_date","birth_country","death_date","death_country") VALUES ('71','CLAYTON','Merry','1948-12-05','USA',NULL,NULL);
INSERT INTO "musician" ("musician_id","family_name","given_name","birth_date","birth_country","death_date","death_country") VALUES ('72','CROPPER','Steve','1941-10-21','USA',NULL,NULL);
INSERT INTO "musician" ("musician_id","family_name","given_name","birth_date","birth_country","death_date","death_country") VALUES ('73','HENSLEY','Tom',NULL,NULL,NULL,NULL);
INSERT INTO "musician" ("musician_id","family_name","given_name","birth_date","birth_country","death_date","death_country") VALUES ('74','FINDLEY','Chuck','1947-12-13','USA',NULL,NULL);
INSERT INTO "musician" ("musician_id","family_name","given_name","birth_date","birth_country","death_date","death_country") VALUES ('75','DYLAN','Bob','1941-05-24','USA',NULL,NULL);
INSERT INTO "musician" ("musician_id","family_name","given_name","birth_date","birth_country","death_date","death_country") VALUES ('76','RADLE','Carl','1942-06-18','USA','1980-05-30','USA');
INSERT INTO "musician" ("musician_id","family_name","given_name","birth_date","birth_country","death_date","death_country") VALUES ('77','WHITLOCK','Bobby','1948-03-18','USA',NULL,NULL);
INSERT INTO "musician" ("musician_id","family_name","given_name","birth_date","birth_country","death_date","death_country") VALUES ('78','ALLMAN','Duane','1946-11-20','USA','1971-10-29','USA');
INSERT INTO "musician" ("musician_id","family_name","given_name","birth_date","birth_country","death_date","death_country") VALUES ('79','JACKSON','Michael','1958-08-29','USA','2009-06-25','USA');
INSERT INTO "musician" ("musician_id","family_name","given_name","birth_date","birth_country","death_date","death_country") VALUES ('80','VAN HALEN','Eddie','1957-01-26','Netherlands',NULL,NULL);
INSERT INTO "musician" ("musician_id","family_name","given_name","birth_date","birth_country","death_date","death_country") VALUES ('81','VAN HALEN','Alex','1953-05-08','Netherlands',NULL,NULL);
INSERT INTO "musician" ("musician_id","family_name","given_name","birth_date","birth_country","death_date","death_country") VALUES ('82','ANTHONY','Mike/Michael','1954-06-20','USA',NULL,NULL);
INSERT INTO "musician" ("musician_id","family_name","given_name","birth_date","birth_country","death_date","death_country") VALUES ('83','ROTH','David Lee','1955-10-10','USA',NULL,NULL);
INSERT INTO "musician" ("musician_id","family_name","given_name","birth_date","birth_country","death_date","death_country") VALUES ('84','PLANT','Robert','1948-08-20','England',NULL,NULL);
INSERT INTO "musician" ("musician_id","family_name","given_name","birth_date","birth_country","death_date","death_country") VALUES ('85','PAGE','Jimmy','1944-01-09','England',NULL,NULL);
INSERT INTO "musician" ("musician_id","family_name","given_name","birth_date","birth_country","death_date","death_country") VALUES ('86','JONES','John Paul','1946-02-03','England',NULL,NULL);
INSERT INTO "musician" ("musician_id","family_name","given_name","birth_date","birth_country","death_date","death_country") VALUES ('87','BONHAM','John','1948-05-31','England','1980-09-25','England');
INSERT INTO "musician" ("musician_id","family_name","given_name","birth_date","birth_country","death_date","death_country") VALUES ('88','BOWIE','David','1947-01-08','England',NULL,NULL);
INSERT INTO "musician" ("musician_id","family_name","given_name","birth_date","birth_country","death_date","death_country") VALUES ('89','DALTREY','Roger','1944-03-01','England',NULL,NULL);
INSERT INTO "musician" ("musician_id","family_name","given_name","birth_date","birth_country","death_date","death_country") VALUES ('90','TOWNSHEND','Pete','1945-05-19','England',NULL,NULL);
INSERT INTO "musician" ("musician_id","family_name","given_name","birth_date","birth_country","death_date","death_country") VALUES ('91','ENTWISTLE','John','1944-10-09','England','2002-06-27','USA');
INSERT INTO "musician" ("musician_id","family_name","given_name","birth_date","birth_country","death_date","death_country") VALUES ('92','KNOPFLER','Mark','1949-08-12','Scotland',NULL,NULL);
INSERT INTO "musician" ("musician_id","family_name","given_name","birth_date","birth_country","death_date","death_country") VALUES ('93','DAVIS','Jesse Ed','1944-09-21','USA','1988-06-22','USA');
INSERT INTO "musician" ("musician_id","family_name","given_name","birth_date","birth_country","death_date","death_country") VALUES ('94','PARKS','Van Dyke','1943-01-03','USA',NULL,NULL);
INSERT INTO "musician" ("musician_id","family_name","given_name","birth_date","birth_country","death_date","death_country") VALUES ('95','ESPOSITO','Joe',NULL,NULL,NULL,NULL);
INSERT INTO "musician" ("musician_id","family_name","given_name","birth_date","birth_country","death_date","death_country") VALUES ('96','KLEINOW','Peter E. (Sneaky Pete)','1934-08-20','USA','2002-01-06','USA');
INSERT INTO "musician" ("musician_id","family_name","given_name","birth_date","birth_country","death_date","death_country") VALUES ('97','GREENIDGE','Robert','1950-04-28','Trinidad',NULL,NULL);
INSERT INTO "musician" ("musician_id","family_name","given_name","birth_date","birth_country","death_date","death_country") VALUES ('98','JARVIS','John',NULL,NULL,NULL,NULL);
INSERT INTO "musician" ("musician_id","family_name","given_name","birth_date","birth_country","death_date","death_country") VALUES ('99','LOPRESTI','John Cooker',NULL,NULL,NULL,NULL);
INSERT INTO "musician" ("musician_id","family_name","given_name","birth_date","birth_country","death_date","death_country") VALUES ('100','HELMER','Susan Duitch',NULL,NULL,NULL,NULL);
INSERT INTO "musician" ("musician_id","family_name","given_name","birth_date","birth_country","death_date","death_country") VALUES ('101','STALLWORTH','Paul',NULL,NULL,NULL,NULL);
INSERT INTO "musician" ("musician_id","family_name","given_name","birth_date","birth_country","death_date","death_country") VALUES ('102','KORTCHMAR','Danny','1946-04-06','USA',NULL,NULL);
INSERT INTO "musician" ("musician_id","family_name","given_name","birth_date","birth_country","death_date","death_country") VALUES ('103','FRAMPTON','Peter','1950-04-22','England',NULL,NULL);
INSERT INTO "musician" ("musician_id","family_name","given_name","birth_date","birth_country","death_date","death_country") VALUES ('104','MANCHESTER','Melissa','1951-02-15','USA',NULL,NULL);
INSERT INTO "musician" ("musician_id","family_name","given_name","birth_date","birth_country","death_date","death_country") VALUES ('105','ILLSLEY','John','1949-06-24','England',NULL,NULL);
INSERT INTO "musician" ("musician_id","family_name","given_name","birth_date","birth_country","death_date","death_country") VALUES ('106','CLARK','Alan','1952-03-05','England',NULL,NULL);
INSERT INTO "musician" ("musician_id","family_name","given_name","birth_date","birth_country","death_date","death_country") VALUES ('107','LINDES','Hal','1953-06-30','USA',NULL,NULL);
INSERT INTO "musician" ("musician_id","family_name","given_name","birth_date","birth_country","death_date","death_country") VALUES ('108','WILLIAMS','Terry','1948-01-11','Wales',NULL,NULL);
INSERT INTO "musician" ("musician_id","family_name","given_name","birth_date","birth_country","death_date","death_country") VALUES ('109','MANDEL','Tommy','1949-06-02','USA',NULL,NULL);
INSERT INTO "musician" ("musician_id","family_name","given_name","birth_date","birth_country","death_date","death_country") VALUES ('110','DE KORTE','Joop',NULL,NULL,NULL,NULL);
INSERT INTO "musician" ("musician_id","family_name","given_name","birth_date","birth_country","death_date","death_country") VALUES ('111','LANE','Ronnie','1946-04-01','USA','1997-06-04','USA');
INSERT INTO "musician" ("musician_id","family_name","given_name","birth_date","birth_country","death_date","death_country") VALUES ('112','STEWART','Rod','1945-01-10','England',NULL,NULL);
INSERT INTO "musician" ("musician_id","family_name","given_name","birth_date","birth_country","death_date","death_country") VALUES ('113','ALOMAR','Carlos','1951-05-07','Puerto Rico',NULL,NULL);
INSERT INTO "musician" ("musician_id","family_name","given_name","birth_date","birth_country","death_date","death_country") VALUES ('114','DAVIES','Dennis',NULL,'USA',NULL,NULL);
INSERT INTO "musician" ("musician_id","family_name","given_name","birth_date","birth_country","death_date","death_country") VALUES ('115','MURRAY','George',NULL,'USA',NULL,NULL);
INSERT INTO "musician" ("musician_id","family_name","given_name","birth_date","birth_country","death_date","death_country") VALUES ('116','FRIPP','Robert','1946-05-16','England',NULL,NULL);
INSERT INTO "musician" ("musician_id","family_name","given_name","birth_date","birth_country","death_date","death_country") VALUES ('117','SUMLER','Diane',NULL,NULL,NULL,NULL);
INSERT INTO "musician" ("musician_id","family_name","given_name","birth_date","birth_country","death_date","death_country") VALUES ('118','VANDROSS','Luther','1951-04-20','USA','2005-07-01','USA');
INSERT INTO "musician" ("musician_id","family_name","given_name","birth_date","birth_country","death_date","death_country") VALUES ('119','MAASS','Antonia',NULL,NULL,NULL,NULL);
INSERT INTO "musician" ("musician_id","family_name","given_name","birth_date","birth_country","death_date","death_country") VALUES ('120','NEWMARK','Andy','1950-07-14','USA',NULL,NULL);
INSERT INTO "musician" ("musician_id","family_name","given_name","birth_date","birth_country","death_date","death_country") VALUES ('121','SANBORN','David','1945-07-30','USA',NULL,NULL);
INSERT INTO "musician" ("musician_id","family_name","given_name","birth_date","birth_country","death_date","death_country") VALUES ('122','WASHINGTON','Larry',NULL,NULL,NULL,NULL);
INSERT INTO "musician" ("musician_id","family_name","given_name","birth_date","birth_country","death_date","death_country") VALUES ('123','CHERRY','Ava',NULL,NULL,NULL,NULL);
INSERT INTO "musician" ("musician_id","family_name","given_name","birth_date","birth_country","death_date","death_country") VALUES ('124','HINTON','Anthony',NULL,NULL,NULL,NULL);
INSERT INTO "musician" ("musician_id","family_name","given_name","birth_date","birth_country","death_date","death_country") VALUES ('125','CLARK','Robin',NULL,NULL,NULL,NULL);
INSERT INTO "musician" ("musician_id","family_name","given_name","birth_date","birth_country","death_date","death_country") VALUES ('126','KSASAN','Emir',NULL,NULL,NULL,NULL);
INSERT INTO "musician" ("musician_id","family_name","given_name","birth_date","birth_country","death_date","death_country") VALUES ('127','SLICK','Earl','1952-10-01','USA',NULL,NULL);
INSERT INTO "musician" ("musician_id","family_name","given_name","birth_date","birth_country","death_date","death_country") VALUES ('128','MCDONALD','Ralph','1944-00-00','USA',NULL,NULL);
INSERT INTO "musician" ("musician_id","family_name","given_name","birth_date","birth_country","death_date","death_country") VALUES ('129','FINEBERG','Jean',NULL,NULL,NULL,NULL);
INSERT INTO "musician" ("musician_id","family_name","given_name","birth_date","birth_country","death_date","death_country") VALUES ('130','MILLINGTON','Jean',NULL,NULL,NULL,NULL);
INSERT INTO "musician" ("musician_id","family_name","given_name","birth_date","birth_country","death_date","death_country") VALUES ('131','GARSON','Mike/Michael','1945-07-29','USA',NULL,NULL);
INSERT INTO "musician" ("musician_id","family_name","given_name","birth_date","birth_country","death_date","death_country") VALUES ('132','ROSARIO','Pablo',NULL,NULL,NULL,NULL);
INSERT INTO "musician" ("musician_id","family_name","given_name","birth_date","birth_country","death_date","death_country") VALUES ('133','HEWSON','Paul David (Bono Vox)','1960-05-10','Ireland',NULL,NULL);
INSERT INTO "musician" ("musician_id","family_name","given_name","birth_date","birth_country","death_date","death_country") VALUES ('134','EVANS','David Howell (The Edge)','1961-08-08','England',NULL,NULL);
INSERT INTO "musician" ("musician_id","family_name","given_name","birth_date","birth_country","death_date","death_country") VALUES ('135','CLAYTON','Adam','1960-03-13','England',NULL,NULL);
INSERT INTO "musician" ("musician_id","family_name","given_name","birth_date","birth_country","death_date","death_country") VALUES ('136','MULLEN Jr','Larry','1961-10-31','Ireland',NULL,NULL);
INSERT INTO "musician" ("musician_id","family_name","given_name","birth_date","birth_country","death_date","death_country") VALUES ('137','ENO','Brian','1948-05-15','England',NULL,NULL);
INSERT INTO "musician" ("musician_id","family_name","given_name","birth_date","birth_country","death_date","death_country") VALUES ('138','LANOIS','Daniel','1951-09-19','Canada',NULL,NULL);
INSERT INTO "musician" ("musician_id","family_name","given_name","birth_date","birth_country","death_date","death_country") VALUES ('139','LYON','John (Southside Johnny)','1948-12-04','USA',NULL,NULL);
INSERT INTO "musician" ("musician_id","family_name","given_name","birth_date","birth_country","death_date","death_country") VALUES ('140','WEINBERG','Max','1951-04-13','USA',NULL,NULL);
INSERT INTO "musician" ("musician_id","family_name","given_name","birth_date","birth_country","death_date","death_country") VALUES ('141','TALLENT','Garry','1949-10-27','USA',NULL,NULL);
INSERT INTO "musician" ("musician_id","family_name","given_name","birth_date","birth_country","death_date","death_country") VALUES ('142','CLOUD','Rusty',NULL,NULL,NULL,NULL);
INSERT INTO "musician" ("musician_id","family_name","given_name","birth_date","birth_country","death_date","death_country") VALUES ('143','VAN ZANDT','Steve','1950-11-22','USA',NULL,NULL);
INSERT INTO "musician" ("musician_id","family_name","given_name","birth_date","birth_country","death_date","death_country") VALUES ('144','BANDIERA','Bobby','1952-10-26','USA',NULL,NULL);
INSERT INTO "musician" ("musician_id","family_name","given_name","birth_date","birth_country","death_date","death_country") VALUES ('145','BON JOVI','Jon','1962-03-02','USA',NULL,NULL);
INSERT INTO "musician" ("musician_id","family_name","given_name","birth_date","birth_country","death_date","death_country") VALUES ('146','SPRINGSTEEN','Bruce','1949-09-23','USA',NULL,NULL);
INSERT INTO "musician" ("musician_id","family_name","given_name","birth_date","birth_country","death_date","death_country") VALUES ('147','BECK','Jeff','1944-06-24','England',NULL,NULL);
INSERT INTO "musician" ("musician_id","family_name","given_name","birth_date","birth_country","death_date","death_country") VALUES ('148','ARONOFF','Kenny','1953-03-07','USA',NULL,NULL);
INSERT INTO "musician" ("musician_id","family_name","given_name","birth_date","birth_country","death_date","death_country") VALUES ('149','JACKSON','Randy','1956-06-23','USA',NULL,NULL);
INSERT INTO "musician" ("musician_id","family_name","given_name","birth_date","birth_country","death_date","death_country") VALUES ('150','JOHN','Elton','1947-03-25','England',NULL,NULL);
INSERT INTO "musician" ("musician_id","family_name","given_name","birth_date","birth_country","death_date","death_country") VALUES ('151','TENCH','Benmont','1953-09-07','USA',NULL,NULL);
INSERT INTO "musician" ("musician_id","family_name","given_name","birth_date","birth_country","death_date","death_country") VALUES ('152','NOVA','Aldo','1956-11-13','Canada',NULL,NULL);
INSERT INTO "musician" ("musician_id","family_name","given_name","birth_date","birth_country","death_date","death_country") VALUES ('153','PARLAPIANO','Phil',NULL,NULL,NULL,NULL);
INSERT INTO "musician" ("musician_id","family_name","given_name","birth_date","birth_country","death_date","death_country") VALUES ('154','MATTHEWS','Myrna',NULL,NULL,NULL,NULL);
INSERT INTO "musician" ("musician_id","family_name","given_name","birth_date","birth_country","death_date","death_country") VALUES ('155','WATERS','Julie',NULL,NULL,NULL,NULL);
INSERT INTO "musician" ("musician_id","family_name","given_name","birth_date","birth_country","death_date","death_country") VALUES ('156','WATERS','Maxine',NULL,NULL,NULL,NULL);
INSERT INTO "musician" ("musician_id","family_name","given_name","birth_date","birth_country","death_date","death_country") VALUES ('157','GLAUB','Bob',NULL,NULL,NULL,NULL);
INSERT INTO "musician" ("musician_id","family_name","given_name","birth_date","birth_country","death_date","death_country") VALUES ('158','PHILLIPS','Lou Diamond','1962-02-17','Philippines',NULL,NULL);
INSERT INTO "musician" ("musician_id","family_name","given_name","birth_date","birth_country","death_date","death_country") VALUES ('159','CROSBY','Robbin','1959-08-04','USA','2002-06-06','USA');
INSERT INTO "musician" ("musician_id","family_name","given_name","birth_date","birth_country","death_date","death_country") VALUES ('160','PENNIMAM','Richard Wayne (Little Richard)','1935-12-05','USA',NULL,NULL);
INSERT INTO "musician" ("musician_id","family_name","given_name","birth_date","birth_country","death_date","death_country") VALUES ('161','WATCHELL','Waddy',NULL,NULL,NULL,NULL);
INSERT INTO "musician" ("musician_id","family_name","given_name","birth_date","birth_country","death_date","death_country") VALUES ('162','LAINE','Denny','1944-10-29','England',NULL,NULL);
INSERT INTO "musician" ("musician_id","family_name","given_name","birth_date","birth_country","death_date","death_country") VALUES ('163','RODGERS','Nile','1952-09-19','USA',NULL,NULL);
INSERT INTO "musician" ("musician_id","family_name","given_name","birth_date","birth_country","death_date","death_country") VALUES ('164','CLEMONS','Clarence','1942-01-11','USA',NULL,NULL);
INSERT INTO "musician" ("musician_id","family_name","given_name","birth_date","birth_country","death_date","death_country") VALUES ('165','BITTAN','Roy','1949-07-02','USA',NULL,NULL);
INSERT INTO "musician" ("musician_id","family_name","given_name","birth_date","birth_country","death_date","death_country") VALUES ('166','PEACE','Warren',NULL,'England',NULL,NULL);
INSERT INTO "musician" ("musician_id","family_name","given_name","birth_date","birth_country","death_date","death_country") VALUES ('167','FEDERICI','Danny','1950-01-23','USA',NULL,NULL);
INSERT INTO "musician" ("musician_id","family_name","given_name","birth_date","birth_country","death_date","death_country") VALUES ('168','SANCIOUS','David','1953-11-30','USA',NULL,NULL);
INSERT INTO "musician" ("musician_id","family_name","given_name","birth_date","birth_country","death_date","death_country") VALUES ('169','APPEL','Mike','1942-10-27','USA',NULL,NULL);
INSERT INTO "musician" ("musician_id","family_name","given_name","birth_date","birth_country","death_date","death_country") VALUES ('170','CARTER','Ernest ""Boom""',NULL,'USA',NULL,NULL);
INSERT INTO "musician" ("musician_id","family_name","given_name","birth_date","birth_country","death_date","death_country") VALUES ('171','BRECKER','Michael','1949-03-29','USA','2007-01-13','USA');
INSERT INTO "musician" ("musician_id","family_name","given_name","birth_date","birth_country","death_date","death_country") VALUES ('172','BRECKER','Randy','1945-11-27','USA',NULL,NULL);
INSERT INTO "musician" ("musician_id","family_name","given_name","birth_date","birth_country","death_date","death_country") VALUES ('173','ANDRE','Wayne','1931-11-17','USA','2003-08-26','USA');
INSERT INTO "musician" ("musician_id","family_name","given_name","birth_date","birth_country","death_date","death_country") VALUES ('174','DAVIS','Richard',NULL,NULL,NULL,NULL);
INSERT INTO "musician" ("musician_id","family_name","given_name","birth_date","birth_country","death_date","death_country") VALUES ('175','MANUEL','Richard','1943-04-03','Canada','1986-03-04','USA');
INSERT INTO "musician" ("musician_id","family_name","given_name","birth_date","birth_country","death_date","death_country") VALUES ('176','MOON','Keith','1946-08-23','England','1978-09-07','England');
INSERT INTO "musician" ("musician_id","family_name","given_name","birth_date","birth_country","death_date","death_country") VALUES ('177','BARNES','Jimmy','1956-04-28','Scotland',NULL,NULL);
INSERT INTO "musician" ("musician_id","family_name","given_name","birth_date","birth_country","death_date","death_country") VALUES ('178','MOSS','Ian','1953-03-22','Australia',NULL,NULL);
INSERT INTO "musician" ("musician_id","family_name","given_name","birth_date","birth_country","death_date","death_country") VALUES ('179','WALKER','Don','1951-11-29','Australia',NULL,NULL);
INSERT INTO "musician" ("musician_id","family_name","given_name","birth_date","birth_country","death_date","death_country") VALUES ('180','SMALL','Phil',NULL,'Australia',NULL,NULL);
INSERT INTO "musician" ("musician_id","family_name","given_name","birth_date","birth_country","death_date","death_country") VALUES ('181','PRESTWICH','Steven',NULL,NULL,NULL,NULL);
INSERT INTO "musician" ("musician_id","family_name","given_name","birth_date","birth_country","death_date","death_country") VALUES ('182','ARNOTT','Ray',NULL,'Australia',NULL,NULL);
INSERT INTO "musician" ("musician_id","family_name","given_name","birth_date","birth_country","death_date","death_country") VALUES ('183','BIDSTRUP','Graham','0000-08-30','Australia',NULL,NULL);
INSERT INTO "musician" ("musician_id","family_name","given_name","birth_date","birth_country","death_date","death_country") VALUES ('184','BLIGHT','David',NULL,NULL,NULL,NULL);
INSERT INTO "musician" ("musician_id","family_name","given_name","birth_date","birth_country","death_date","death_country") VALUES ('185','RODGERS','Billy',NULL,NULL,NULL,NULL);
INSERT INTO "musician" ("musician_id","family_name","given_name","birth_date","birth_country","death_date","death_country") VALUES ('186','HOFFMAN','John',NULL,NULL,NULL,NULL);
INSERT INTO "musician" ("musician_id","family_name","given_name","birth_date","birth_country","death_date","death_country") VALUES ('187','WILLIAMS','Megan','1956-09-11','England','2000-04-17','Australia');
INSERT INTO "musician" ("musician_id","family_name","given_name","birth_date","birth_country","death_date","death_country") VALUES ('188','BROCK','Tony','1954-03-31','England',NULL,NULL);
INSERT INTO "musician" ("musician_id","family_name","given_name","birth_date","birth_country","death_date","death_country") VALUES ('189','CAIN','Jonathan','1950-02-26','USA',NULL,NULL);
INSERT INTO "musician" ("musician_id","family_name","given_name","birth_date","birth_country","death_date","death_country") VALUES ('190','SCHON','Neal','1954-02-27','USA',NULL,NULL);
INSERT INTO "musician" ("musician_id","family_name","given_name","birth_date","birth_country","death_date","death_country") VALUES ('191','BREWSTER','Rick',NULL,'Australia',NULL,NULL);
INSERT INTO "musician" ("musician_id","family_name","given_name","birth_date","birth_country","death_date","death_country") VALUES ('192','LEWIS','Huey','1950-07-05','USA',NULL,NULL);
INSERT INTO "musician" ("musician_id","family_name","given_name","birth_date","birth_country","death_date","death_country") VALUES ('193','DIESEL','Johnny','1966-05-31','USA',NULL,NULL);
INSERT INTO "musician" ("musician_id","family_name","given_name","birth_date","birth_country","death_date","death_country") VALUES ('194','MURPHY','Shawn',NULL,NULL,NULL,NULL);
INSERT INTO "musician" ("musician_id","family_name","given_name","birth_date","birth_country","death_date","death_country") VALUES ('195','HAWKINS','Walter','1949-05-18','USA',NULL,NULL);
INSERT INTO "musician" ("musician_id","family_name","given_name","birth_date","birth_country","death_date","death_country") VALUES ('196','STEPHENS','Lynette',NULL,NULL,NULL,NULL);
INSERT INTO "musician" ("musician_id","family_name","given_name","birth_date","birth_country","death_date","death_country") VALUES ('197','HILBURN','Jim',NULL,NULL,NULL,NULL);
INSERT INTO "musician" ("musician_id","family_name","given_name","birth_date","birth_country","death_date","death_country") VALUES ('198','KEKELL','Peter',NULL,NULL,NULL,NULL);
INSERT INTO "musician" ("musician_id","family_name","given_name","birth_date","birth_country","death_date","death_country") VALUES ('199','LINDLEY','David','1949-05-18','USA',NULL,NULL);
INSERT INTO "musician" ("musician_id","family_name","given_name","birth_date","birth_country","death_date","death_country") VALUES ('200','AMATO','David',NULL,'USA',NULL,NULL);
INSERT INTO "musician" ("musician_id","family_name","given_name","birth_date","birth_country","death_date","death_country") VALUES ('201','EILSLEY','David Glen',NULL,NULL,NULL,NULL);
INSERT INTO "musician" ("musician_id","family_name","given_name","birth_date","birth_country","death_date","death_country") VALUES ('202','MAROTTA','Jerry','1956-02-06','USA',NULL,NULL);
INSERT INTO "musician" ("musician_id","family_name","given_name","birth_date","birth_country","death_date","death_country") VALUES ('203','GLASSMAN','Seth',NULL,NULL,NULL,NULL);
INSERT INTO "musician" ("musician_id","family_name","given_name","birth_date","birth_country","death_date","death_country") VALUES ('204','MCCURRY','John',NULL,NULL,NULL,NULL);
INSERT INTO "musician" ("musician_id","family_name","given_name","birth_date","birth_country","death_date","death_country") VALUES ('205','MANGIAFICO','Gregg',NULL,NULL,NULL,NULL);
INSERT INTO "musician" ("musician_id","family_name","given_name","birth_date","birth_country","death_date","death_country") VALUES ('206','KENTIS','Chuck',NULL,NULL,NULL,NULL);
INSERT INTO "musician" ("musician_id","family_name","given_name","birth_date","birth_country","death_date","death_country") VALUES ('207','MATHEWS','Wendy',NULL,NULL,NULL,NULL);
INSERT INTO "musician" ("musician_id","family_name","given_name","birth_date","birth_country","death_date","death_country") VALUES ('208','FARRIS','Jon',NULL,NULL,NULL,NULL);
INSERT INTO "musician" ("musician_id","family_name","given_name","birth_date","birth_country","death_date","death_country") VALUES ('209','BAILEY','Chris',NULL,NULL,NULL,NULL);
INSERT INTO "musician" ("musician_id","family_name","given_name","birth_date","birth_country","death_date","death_country") VALUES ('210','CASEY','Howie',NULL,NULL,NULL,NULL);
INSERT INTO "musician" ("musician_id","family_name","given_name","birth_date","birth_country","death_date","death_country") VALUES ('211','VISCONTI','Tony','1944-04-24','USA',NULL,NULL);
INSERT INTO "musician" ("musician_id","family_name","given_name","birth_date","birth_country","death_date","death_country") VALUES ('212','BROMBERG','David',NULL,NULL,NULL,NULL);
INSERT INTO "musician" ("musician_id","family_name","given_name","birth_date","birth_country","death_date","death_country") VALUES ('213','BECKETT','Harry',NULL,NULL,NULL,NULL);
INSERT INTO "musician" ("musician_id","family_name","given_name","birth_date","birth_country","death_date","death_country") VALUES ('214','MILLER','Jimmy',NULL,NULL,NULL,NULL);
INSERT INTO "musician" ("musician_id","family_name","given_name","birth_date","birth_country","death_date","death_country") VALUES ('215','COODER','Ry','1947-03-15','USA',NULL,NULL);
INSERT INTO "musician" ("musician_id","family_name","given_name","birth_date","birth_country","death_date","death_country") VALUES ('216','WORKMAN/NEWMAN','Nanette','1945-11-20','USA',NULL,NULL);
INSERT INTO "musician" ("musician_id","family_name","given_name","birth_date","birth_country","death_date","death_country") VALUES ('217','BERLINE','Byron',NULL,NULL,NULL,NULL);
INSERT INTO "musician" ("musician_id","family_name","given_name","birth_date","birth_country","death_date","death_country") VALUES ('218','RUSSELL','Leon','1942-04-02','USA',NULL,NULL);
INSERT INTO "musician" ("musician_id","family_name","given_name","birth_date","birth_country","death_date","death_country") VALUES ('219','KOOPER','Al','1944-02-05','USA',NULL,NULL);
INSERT INTO "musician" ("musician_id","family_name","given_name","birth_date","birth_country","death_date","death_country") VALUES ('220','BELL','Madelaine',NULL,NULL,NULL,NULL);
INSERT INTO "musician" ("musician_id","family_name","given_name","birth_date","birth_country","death_date","death_country") VALUES ('221','TROY','Doris',NULL,NULL,NULL,NULL);
INSERT INTO "musician" ("musician_id","family_name","given_name","birth_date","birth_country","death_date","death_country") VALUES ('222','DIJON','Rocky',NULL,NULL,NULL,NULL);
INSERT INTO "musician" ("musician_id","family_name","given_name","birth_date","birth_country","death_date","death_country") VALUES ('223','London Bach Choir',NULL,NULL,NULL,NULL,NULL);
INSERT INTO "musician" ("musician_id","family_name","given_name","birth_date","birth_country","death_date","death_country") VALUES ('224','PRESLEY','Elvis','1935-01-08','USA','1977-08-16','USA');
INSERT INTO "musician" ("musician_id","family_name","given_name","birth_date","birth_country","death_date","death_country") VALUES ('225','SUMNER','J.D.',NULL,NULL,NULL,NULL);
INSERT INTO "musician" ("musician_id","family_name","given_name","birth_date","birth_country","death_date","death_country") VALUES ('226','LEECH','Mike',NULL,NULL,NULL,NULL);
INSERT INTO "musician" ("musician_id","family_name","given_name","birth_date","birth_country","death_date","death_country") VALUES ('227','The Stamps',NULL,NULL,NULL,NULL,NULL);
INSERT INTO "musician" ("musician_id","family_name","given_name","birth_date","birth_country","death_date","death_country") VALUES ('228','The Voice',NULL,NULL,NULL,NULL,NULL);
INSERT INTO "musician" ("musician_id","family_name","given_name","birth_date","birth_country","death_date","death_country") VALUES ('229','JACKSON, Jr','Al',NULL,NULL,NULL,NULL);
INSERT INTO "musician" ("musician_id","family_name","given_name","birth_date","birth_country","death_date","death_country") VALUES ('230','LACEY','Bill',NULL,NULL,NULL,NULL);
INSERT INTO "musician" ("musician_id","family_name","given_name","birth_date","birth_country","death_date","death_country") VALUES ('231','EMMONS','Bobby',NULL,NULL,NULL,NULL);
INSERT INTO "musician" ("musician_id","family_name","given_name","birth_date","birth_country","death_date","death_country") VALUES ('232','WOOD','Bobby',NULL,NULL,NULL,NULL);
INSERT INTO "musician" ("musician_id","family_name","given_name","birth_date","birth_country","death_date","death_country") VALUES ('233','HODGE','Charlie',NULL,NULL,NULL,NULL);
INSERT INTO "musician" ("musician_id","family_name","given_name","birth_date","birth_country","death_date","death_country") VALUES ('234','DUNN','Donald "Duck"',NULL,NULL,NULL,NULL);
INSERT INTO "musician" ("musician_id","family_name","given_name","birth_date","birth_country","death_date","death_country") VALUES ('235','SPREEN','Glen',NULL,NULL,NULL,NULL);
INSERT INTO "musician" ("musician_id","family_name","given_name","birth_date","birth_country","death_date","death_country") VALUES ('236','BURTON','James',NULL,NULL,NULL,NULL);
INSERT INTO "musician" ("musician_id","family_name","given_name","birth_date","birth_country","death_date","death_country") VALUES ('237','CARRIGAN','Jerry',NULL,NULL,NULL,NULL);
INSERT INTO "musician" ("musician_id","family_name","given_name","birth_date","birth_country","death_date","death_country") VALUES ('238','WESTMORELAND','Kathy',NULL,NULL,NULL,NULL);
INSERT INTO "musician" ("musician_id","family_name","given_name","birth_date","birth_country","death_date","death_country") VALUES ('239',NULL,'Manuel',NULL,NULL,NULL,NULL);
INSERT INTO "musician" ("musician_id","family_name","given_name","birth_date","birth_country","death_date","death_country") VALUES ('240','HOLLIDAY','Mary',NULL,NULL,NULL,NULL);
INSERT INTO "musician" ("musician_id","family_name","given_name","birth_date","birth_country","death_date","death_country") VALUES ('241','YOUNG','Reggie',NULL,NULL,NULL,NULL);
INSERT INTO "musician" ("musician_id","family_name","given_name","birth_date","birth_country","death_date","death_country") VALUES ('242','TUTT','Ron',NULL,NULL,NULL,NULL);
INSERT INTO "musician" ("musician_id","family_name","given_name","birth_date","birth_country","death_date","death_country") VALUES ('243','COGBILL','Tommy',NULL,NULL,NULL,NULL);
INSERT INTO "musician" ("musician_id","family_name","given_name","birth_date","birth_country","death_date","death_country") VALUES ('244','CRUMPACKER','chick',NULL,NULL,NULL,NULL);
INSERT INTO "musician" ("musician_id","family_name","given_name","birth_date","birth_country","death_date","death_country") VALUES ('245','The Imperials Quartet',NULL,NULL,NULL,NULL,NULL);
INSERT INTO "musician" ("musician_id","family_name","given_name","birth_date","birth_country","death_date","death_country") VALUES ('246','The Nashville Edition',NULL,NULL,NULL,NULL,NULL);
INSERT INTO "musician" ("musician_id","family_name","given_name","birth_date","birth_country","death_date","death_country") VALUES ('247','The Jordanaires',NULL,NULL,NULL,NULL,NULL);
INSERT INTO "musician" ("musician_id","family_name","given_name","birth_date","birth_country","death_date","death_country") VALUES ('248','WHITE','Bergen',NULL,NULL,NULL,NULL);
INSERT INTO "musician" ("musician_id","family_name","given_name","birth_date","birth_country","death_date","death_country") VALUES ('249','MULLINS','Cam',NULL,NULL,NULL,NULL);
INSERT INTO "musician" ("musician_id","family_name","given_name","birth_date","birth_country","death_date","death_country") VALUES ('250','TWEEDY','Don',NULL,NULL,NULL,NULL);
INSERT INTO "musician" ("musician_id","family_name","given_name","birth_date","birth_country","death_date","death_country") VALUES ('251','EDGIN','Dolores',NULL,NULL,NULL,NULL);
INSERT INTO "musician" ("musician_id","family_name","given_name","birth_date","birth_country","death_date","death_country") VALUES ('252','THATCHER','Donna',NULL,NULL,NULL,NULL);
INSERT INTO "musician" ("musician_id","family_name","given_name","birth_date","birth_country","death_date","death_country") VALUES ('253','HOLLIS','Ed',NULL,NULL,NULL,NULL);
INSERT INTO "musician" ("musician_id","family_name","given_name","birth_date","birth_country","death_date","death_country") VALUES ('254','KOLLIS','Ed',NULL,NULL,NULL,NULL);
INSERT INTO "musician" ("musician_id","family_name","given_name","birth_date","birth_country","death_date","death_country") VALUES ('255','CHRISMAN','Gene',NULL,NULL,NULL,NULL);
INSERT INTO "musician" ("musician_id","family_name","given_name","birth_date","birth_country","death_date","death_country") VALUES ('256','WIGINTON','Hurshel',NULL,NULL,NULL,NULL);
INSERT INTO "musician" ("musician_id","family_name","given_name","birth_date","birth_country","death_date","death_country") VALUES ('257','BABCOCK','Joe',NULL,NULL,NULL,NULL);
INSERT INTO "musician" ("musician_id","family_name","given_name","birth_date","birth_country","death_date","death_country") VALUES ('258','HUGHEY','John',NULL,NULL,NULL,NULL);
INSERT INTO "musician" ("musician_id","family_name","given_name","birth_date","birth_country","death_date","death_country") VALUES ('259','GREENE','Mary',NULL,NULL,NULL,NULL);
INSERT INTO "musician" ("musician_id","family_name","given_name","birth_date","birth_country","death_date","death_country") VALUES ('260','HOLLADAY','Mary',NULL,NULL,NULL,NULL);
INSERT INTO "musician" ("musician_id","family_name","given_name","birth_date","birth_country","death_date","death_country") VALUES ('261','GREENE','Merry',NULL,NULL,NULL,NULL);
INSERT INTO "musician" ("musician_id","family_name","given_name","birth_date","birth_country","death_date","death_country") VALUES ('262','KIRKHAM','Millie',NULL,NULL,NULL,NULL);
INSERT INTO "musician" ("musician_id","family_name","given_name","birth_date","birth_country","death_date","death_country") VALUES ('263','POSEY','Sandy',NULL,NULL,NULL,NULL);
INSERT INTO "musician" ("musician_id","family_name","given_name","birth_date","birth_country","death_date","death_country") VALUES ('264','MONTGOMERY','Sonja',NULL,NULL,NULL,NULL);
INSERT INTO "musician" ("musician_id","family_name","given_name","birth_date","birth_country","death_date","death_country") VALUES ('265','PILKINGTON','Susan',NULL,NULL,NULL,NULL);
INSERT INTO "musician" ("musician_id","family_name","given_name","birth_date","birth_country","death_date","death_country") VALUES ('266','The Memphis Horns',NULL,NULL,NULL,NULL,NULL);
INSERT INTO "musician" ("musician_id","family_name","given_name","birth_date","birth_country","death_date","death_country") VALUES ('267','JORGENSEN','Ernst Mikael',NULL,NULL,NULL,NULL);
INSERT INTO "musician" ("musician_id","family_name","given_name","birth_date","birth_country","death_date","death_country") VALUES ('268','SEMON','Roger',NULL,NULL,NULL,NULL);
INSERT INTO "musician" ("musician_id","family_name","given_name","birth_date","birth_country","death_date","death_country") VALUES ('269','MOORE','Bob',NULL,NULL,NULL,NULL);
INSERT INTO "musician" ("musician_id","family_name","given_name","birth_date","birth_country","death_date","death_country") VALUES ('270','RANDOLPH','Boots','1927-06-03','USA','2007-07-03','USA');
INSERT INTO "musician" ("musician_id","family_name","given_name","birth_date","birth_country","death_date","death_country") VALUES ('271','FONTANA','D.J.',NULL,NULL,NULL,NULL);
INSERT INTO "musician" ("musician_id","family_name","given_name","birth_date","birth_country","death_date","death_country") VALUES ('272','CRAMER','Floyd','1933-10-27','USA','1997-12-31','USA');
INSERT INTO "musician" ("musician_id","family_name","given_name","birth_date","birth_country","death_date","death_country") VALUES ('273','STOKER','Gordon',NULL,NULL,NULL,NULL);
INSERT INTO "musician" ("musician_id","family_name","given_name","birth_date","birth_country","death_date","death_country") VALUES ('274','GARLAND','Hank','1930-11-11','USA','2004-12-27','USA');
INSERT INTO "musician" ("musician_id","family_name","given_name","birth_date","birth_country","death_date","death_country") VALUES ('275','HAWKINS','Hoyt',NULL,NULL,NULL,NULL);
INSERT INTO "musician" ("musician_id","family_name","given_name","birth_date","birth_country","death_date","death_country") VALUES ('276','MATTHEWS','Neal',NULL,NULL,NULL,NULL);
INSERT INTO "musician" ("musician_id","family_name","given_name","birth_date","birth_country","death_date","death_country") VALUES ('277','WALKER','Ray C.',NULL,NULL,NULL,NULL);
INSERT INTO "musician" ("musician_id","family_name","given_name","birth_date","birth_country","death_date","death_country") VALUES ('278','MOORE','Scotty','1931-12-27','USA',NULL,NULL);
INSERT INTO "musician" ("musician_id","family_name","given_name","birth_date","birth_country","death_date","death_country") VALUES ('279','SPEER','Ben',NULL,NULL,NULL,NULL);
INSERT INTO "musician" ("musician_id","family_name","given_name","birth_date","birth_country","death_date","death_country") VALUES ('280','BLACK','Bill',NULL,NULL,NULL,NULL);
INSERT INTO "musician" ("musician_id","family_name","given_name","birth_date","birth_country","death_date","death_country") VALUES ('281','SPEER','Brock',NULL,NULL,NULL,NULL);
INSERT INTO "musician" ("musician_id","family_name","given_name","birth_date","birth_country","death_date","death_country") VALUES ('282','ATKINS','Chet','1924-06-20','USA','2001-06-30','USA');
INSERT INTO "musician" ("musician_id","family_name","given_name","birth_date","birth_country","death_date","death_country") VALUES ('283','FERRANTE','Dennis',NULL,NULL,NULL,NULL);
INSERT INTO "musician" ("musician_id","family_name","given_name","birth_date","birth_country","death_date","death_country") VALUES ('284','BERNERO','Johnny',NULL,NULL,NULL,NULL);
INSERT INTO "musician" ("musician_id","family_name","given_name","birth_date","birth_country","death_date","death_country") VALUES ('285','LONG','Shorty',NULL,NULL,NULL,NULL);
INSERT INTO "musician" ("musician_id","family_name","given_name","birth_date","birth_country","death_date","death_country") VALUES ('286','NITZSCHE','Jack','1937-04-22','USA','2000-08-25','USA');
INSERT INTO "musician" ("musician_id","family_name","given_name","birth_date","birth_country","death_date","death_country") VALUES ('287','TAYLOR','Dick','1943-01-28','England',NULL,NULL);
INSERT INTO "musician" ("musician_id","family_name","given_name","birth_date","birth_country","death_date","death_country") VALUES ('288','BUCKMASTER','Paul',NULL,'England',NULL,NULL);
INSERT INTO "musician" ("musician_id","family_name","given_name","birth_date","birth_country","death_date","death_country") VALUES ('289','NICHOLLS','Billy','1949-02-15','England',NULL,NULL);
INSERT INTO "musician" ("musician_id","family_name","given_name","birth_date","birth_country","death_date","death_country") VALUES ('290','BERRY','Charles Edward Anderson (Chuck)','1926-10-18','USA',NULL,NULL);

----
-- Table structure for prac_transaction
----
CREATE TABLE "prac_transaction" ('transactionID' INTEGER PRIMARY KEY AUTOINCREMENT NOT NULL, 'customerID' INTEGER,'itemID' TEXT, 'quantity' INTEGER);

----
-- Data dump for prac_transaction, a total of 4 rows
----
INSERT INTO "prac_transaction" ("transactionID","customerID","itemID","quantity") VALUES ('122','991345','N12','10');
INSERT INTO "prac_transaction" ("transactionID","customerID","itemID","quantity") VALUES ('313','991345','N45','5');
INSERT INTO "prac_transaction" ("transactionID","customerID","itemID","quantity") VALUES ('353','991345','N78','5');
INSERT INTO "prac_transaction" ("transactionID","customerID","itemID","quantity") VALUES ('435','995501','N12','10');

----
-- Table structure for prac_item
----
CREATE TABLE "prac_item" ('itemID' TEXT PRIMARY KEY NOT NULL, 'description' TEXT, 'quantity' INTEGER);

----
-- Data dump for prac_item, a total of 5 rows
----
INSERT INTO "prac_item" ("itemID","description","quantity") VALUES ('N12','Pen','100');
INSERT INTO "prac_item" ("itemID","description","quantity") VALUES ('N45','Staple Gun','30');
INSERT INTO "prac_item" ("itemID","description","quantity") VALUES ('N63','Marker','60');
INSERT INTO "prac_item" ("itemID","description","quantity") VALUES ('N78','Scissors','50');
INSERT INTO "prac_item" ("itemID","description","quantity") VALUES ('N92','Push-Pins','80');

----
-- Table structure for prac_customer
----
CREATE TABLE "prac_customer" ('custID' INTEGER PRIMARY KEY AUTOINCREMENT NOT NULL, 'lastname' TEXT,'firstname' TEXT, 'email' TEXT);

----
-- Data dump for prac_customer, a total of 8 rows
----
INSERT INTO "prac_customer" ("custID","lastname","firstname","email") VALUES ('990021','Jones','Jakob','Jones.jakob@utas.edu.au');
INSERT INTO "prac_customer" ("custID","lastname","firstname","email") VALUES ('990323','Mathias','Allen','mathias.allen@utas.edu.au');
INSERT INTO "prac_customer" ("custID","lastname","firstname","email") VALUES ('990732','Olivia','Danielle','olivia.danielle@utas.edu.au');
INSERT INTO "prac_customer" ("custID","lastname","firstname","email") VALUES ('991222','Eden','Isabelle','eden.isabelle@utas.edu.au');
INSERT INTO "prac_customer" ("custID","lastname","firstname","email") VALUES ('991345','Bill','Brown','bill.brown@utas.edu.au');
INSERT INTO "prac_customer" ("custID","lastname","firstname","email") VALUES ('993212','Gibson','Jedidiah','gibson.jedidiah@utas.edu.au');
INSERT INTO "prac_customer" ("custID","lastname","firstname","email") VALUES ('995501','Declan','Alexander','Declan.Alexander@utas.edu.au');
INSERT INTO "prac_customer" ("custID","lastname","firstname","email") VALUES ('999632','Jones','Brett','Jones.brett@utas.edu.au');

----
-- structure for index sqlite_autoindex_prac_item_1 on table prac_item
----
;
COMMIT;
